Date,Open,High,Low,Close,Volume,Dividends,Stock Splits,weekly change,monthly change,yearly change,relative_vol,rsi,symbol
2022-02-16 00:00:00-05:00,5.599999904632568,5.599999904632568,5.599999904632568,5.599999904632568,300,0,0,,,,0.0003584790570062358,,ADXN
2022-02-17 00:00:00-05:00,5.789999961853027,5.989999771118164,5.630000114440918,5.630000114440918,7100,0,0,,,,0.00848400434914758,,ADXN
2022-02-18 00:00:00-05:00,5.630000114440918,5.630000114440918,5.630000114440918,5.630000114440918,0,0,0,,,,0.0,,ADXN
2022-02-22 00:00:00-05:00,5.550000190734863,5.65500020980835,5.550000190734863,5.579999923706055,1500,0,0,,,,0.0017923952850311792,,ADXN
2022-02-23 00:00:00-05:00,5.610000133514404,5.800000190734863,5.559999942779541,5.559999942779541,4400,0,0,,,,0.005257692836091459,,ADXN
2022-02-24 00:00:00-05:00,5.550000190734863,5.690999984741211,5.550000190734863,5.690999984741211,500,0,0,0.016250014581850936,,,0.000597465095010393,,ADXN
2022-02-25 00:00:00-05:00,6.230000019073486,6.239999771118164,5.791999816894531,5.949999809265137,2700,0,0,0.056838310536339254,,,0.0032263115130561227,,ADXN
2022-02-28 00:00:00-05:00,5.550000190734863,5.550000190734863,5.294000148773193,5.309999942779541,3800,0,0,-0.05683839523210277,,,0.004540734722078987,,ADXN
2022-03-01 00:00:00-05:00,4.809999942779541,5.5,4.800000190734863,5.5,1400,0,0,-0.014336904085998858,,,0.0016729022660291006,,ADXN
2022-03-02 00:00:00-05:00,5.26800012588501,5.26800012588501,5.26800012588501,5.26800012588501,400,0,0,-0.05251795321935837,,,0.00047797207600831445,,ADXN
2022-03-03 00:00:00-05:00,5.199999809265137,5.320000171661377,5.03000020980835,5.03000020980835,1200,0,0,-0.11614826510369758,,,0.0014339162280249433,,ADXN
2022-03-04 00:00:00-05:00,4.980000019073486,5.118000030517578,4.800000190734863,4.800000190734863,1800,0,0,-0.19327725300756027,,,0.002150874342037415,,ADXN
2022-03-07 00:00:00-05:00,4.949999809265137,4.961999893188477,4.795000076293945,4.795000076293945,1300,0,0,-0.09698679322697257,,,0.0015534092470270218,,ADXN
2022-03-08 00:00:00-05:00,5.25,5.25,4.889999866485596,4.929999828338623,2200,0,0,-0.10363639484752307,,,0.0026288464180457293,,ADXN
2022-03-09 00:00:00-05:00,5.0,5.130000114440918,4.869999885559082,5.130000114440918,2300,0,0,-0.02619590131860683,,,0.002748339437047808,40.042377889789606,ADXN
2022-03-10 00:00:00-05:00,5.130000114440918,5.130000114440918,5.130000114440918,5.130000114440918,0,0,0,0.01988069591678565,,,0.0,40.042377889789606,ADXN
2022-03-11 00:00:00-05:00,4.96999979019165,5.190000057220459,4.96999979019165,5.179999828338623,1400,0,0,0.07916658802165233,,,0.0016729022660291006,41.480272816082575,ADXN
2022-03-14 00:00:00-04:00,4.949999809265137,4.960000038146973,4.804999828338623,4.804999828338623,900,0,0,0.0020854539907342318,,,0.0010754371710187075,34.74930770784889,ADXN
2022-03-15 00:00:00-04:00,4.809999942779541,4.809999942779541,4.539999961853027,4.539999961853027,1500,0,0,-0.07910748074346752,,,0.0017923952850311792,30.92976456271213,ADXN
2022-03-16 00:00:00-04:00,4.849999904632568,4.960000038146973,4.849999904632568,4.960000038146973,400,0,0,-0.033138415692310796,,,0.00047797207600831445,41.84092943844403,ADXN
2022-03-17 00:00:00-04:00,4.960000038146973,4.960000038146973,4.960000038146973,4.960000038146973,0,0,0,-0.033138415692310796,-0.11428569239013009,,0.0,41.84092943844403,ADXN
2022-03-18 00:00:00-04:00,4.860000133514404,5.019999980926514,4.646999835968018,4.646999835968018,1000,0,0,-0.10289575483278623,-0.17460040115301423,,0.001194930190020786,36.81445810875617,ADXN
2022-03-21 00:00:00-04:00,4.869999885559082,5.010000228881836,4.619999885559082,4.880000114440918,4700,0,0,0.015608800995155603,-0.13321491736319047,,0.005616171893097694,42.36510847370242,ADXN
2022-03-22 00:00:00-04:00,4.949999809265137,5.105999946594238,4.920000076293945,5.105999946594238,3800,0,0,0.12466960121078818,-0.08494623361876341,,0.004540734722078987,47.20928602953565,ADXN
2022-03-23 00:00:00-04:00,5.105999946594238,5.105999946594238,5.105999946594238,5.105999946594238,0,0,0,0.029435465186369303,-0.0816546764132412,,0.0,47.209286029535654,ADXN
2022-03-24 00:00:00-04:00,5.019999980926514,5.019999980926514,4.989999771118164,5.008999824523926,2500,0,0,0.009878989112923398,-0.11983836971461492,,0.002987325475051965,45.31347321080013,ADXN
2022-03-25 00:00:00-04:00,5.010000228881836,5.110000133514404,5.005000114440918,5.050000190734863,1400,0,0,0.08672269614636141,-0.15126044493796864,,0.0016729022660291006,46.295179183702906,ADXN
2022-03-28 00:00:00-04:00,4.949999809265137,4.949999809265137,4.269999980926514,4.269999980926514,5300,0,0,-0.12500002442813252,-0.19585686874953812,,0.006333130007110166,33.84685102250976,ADXN
2022-03-29 00:00:00-04:00,4.849999904632568,4.909999847412109,4.565000057220459,4.784999847412109,8500,0,0,-0.06286723512330616,-0.1300000277432528,,0.010156906615176682,44.464800938260936,ADXN
2022-03-30 00:00:00-04:00,4.650000095367432,4.650000095367432,4.630000114440918,4.630000114440918,1600,0,0,-0.09322362654367389,-0.12110857938465014,,0.0019118883040332578,42.26598121913249,ADXN
2022-03-31 00:00:00-04:00,5.119999885559082,5.119999885559082,5.079999923706055,5.079999923706055,1900,0,0,0.014174506222682348,0.009940300559075022,,0.0022703673610394936,49.99697944387949,ADXN
2022-04-01 00:00:00-04:00,5.070000171661377,5.099999904632568,5.070000171661377,5.099999904632568,1200,0,0,0.00990093307113904,0.06249993791183073,,0.0014339162280249433,50.31541924869878,ADXN
2022-04-04 00:00:00-04:00,5.070000171661377,5.070000171661377,4.820000171661377,4.820000171661377,800,0,0,0.12880566585284225,0.005213784143827116,,0.0009559441520166289,45.90755703087107,ADXN
2022-04-05 00:00:00-04:00,4.820000171661377,4.820000171661377,4.820000171661377,4.820000171661377,0,0,0,0.007314592552849719,-0.022312304362557156,,0.0,45.90755703087107,ADXN
2022-04-06 00:00:00-04:00,4.9670000076293945,4.9670000076293945,4.960000038146973,4.960000038146973,300,0,0,0.07127427981627665,-0.033138415692310796,,0.0003584790570062358,48.52262326674733,ADXN
2022-04-07 00:00:00-04:00,5.03000020980835,5.03000020980835,5.03000020980835,5.03000020980835,200,0,0,-0.009842463513508926,-0.019493158362914875,,0.00023898603800415723,49.828667541390956,ADXN
2022-04-08 00:00:00-04:00,4.789999961853027,4.920000076293945,4.489999771118164,4.599999904632568,1900,0,0,-0.09803921751955846,-0.11196910095112445,,0.0022703673610394936,42.6673701405339,ADXN
2022-04-11 00:00:00-04:00,4.948999881744385,4.98799991607666,4.739999771118164,4.875,12400,0,0,0.011410752360962118,0.014568194414604108,,0.014817134356257748,47.83120132595378,ADXN
2022-04-12 00:00:00-04:00,4.875,4.875,4.875,4.875,600,0,0,0.011410752360962118,0.0737885552779256,,0.0007169581140124716,47.83120132595378,ADXN
2022-04-13 00:00:00-04:00,5.199999809265137,5.210000038146973,4.599999904632568,4.744999885559082,5700,0,0,-0.04334680462385909,-0.04334680462385909,,0.006811102083118481,45.58044247668783,ADXN
2022-04-14 00:00:00-04:00,5.150000095367432,5.179999828338623,4.38700008392334,4.38700008392334,4500,0,0,-0.12783302168281796,-0.11552418343079329,,0.005377185855093537,39.99850269934957,ADXN
2022-04-18 00:00:00-04:00,5.079999923706055,5.079999923706055,5.010000228881836,5.010000228881836,900,0,0,0.08913050711943815,0.07811500015648298,,0.0010754371710187075,51.19874977215538,ADXN
2022-04-19 00:00:00-04:00,5.010000228881836,5.179999828338623,4.313000202178955,4.313000202178955,1900,0,0,-0.11528200980944514,-0.11618850388632052,,0.0022703673610394936,41.798214632199134,ADXN
2022-04-20 00:00:00-04:00,4.800000190734863,5.170000076293945,4.619999885559082,5.110000133514404,9000,0,0,0.048205155592698334,0.000783428703878819,,0.010754371710187074,52.53102080237292,ADXN
2022-04-21 00:00:00-04:00,4.920000076293945,5.260000228881836,4.71999979019165,5.239999771118164,8000,0,0,0.10432031559485666,0.026243600847137838,,0.009559441520166289,54.02041802214328,ADXN
2022-04-22 00:00:00-04:00,4.580999851226807,5.449999809265137,4.580999851226807,4.920000076293945,3700,0,0,0.12149532303950594,-0.017767967927297623,,0.0044212417030769086,49.87229078374602,ADXN
2022-04-25 00:00:00-04:00,4.760000228881836,4.760000228881836,4.061999797821045,4.360000133514404,7400,0,0,-0.12974053207029546,-0.1366336695365653,,0.008842483406153817,43.5673834398356,ADXN
2022-04-26 00:00:00-04:00,4.659999847412109,5.400000095367432,4.5,5.349999904632568,14300,0,0,0.24043581123175328,0.2529273837307404,,0.01708750171729724,54.514996091290115,ADXN
2022-04-27 00:00:00-04:00,4.96999979019165,4.96999979019165,4.510000228881836,4.53000020980835,10000,0,0,-0.11350291752481023,-0.05329146201366597,,0.01194930190020786,46.473167857015056,ADXN
2022-04-28 00:00:00-04:00,4.730000019073486,4.860000133514404,4.400000095367432,4.860000133514404,5500,0,0,-0.07251901797748961,0.04967602880961475,,0.006572116045114324,49.6896488412599,ADXN
2022-04-29 00:00:00-04:00,4.71999979019165,5.179999828338623,4.690000057220459,5.179999828338623,2600,0,0,0.052845477238391725,0.0196850208926016,,0.0031068184940540437,52.660323815960496,ADXN
2022-05-02 00:00:00-04:00,4.78000020980835,4.78000020980835,4.769999980926514,4.769999980926514,800,0,0,0.09403665937083971,-0.06470586860331118,,0.0009559441520166289,48.69312259229845,ADXN
2022-05-03 00:00:00-04:00,4.670000076293945,4.940000057220459,4.670000076293945,4.849999904632568,1000,0,0,-0.09345794559118581,0.0062240107682094425,,0.001194930190020786,49.49267263916203,ADXN
2022-05-04 00:00:00-04:00,4.670000076293945,4.670000076293945,4.349999904632568,4.474999904632568,3100,0,0,-0.012141347158592719,-0.07157681633648005,,0.003704283589064437,45.88315074611759,ADXN
2022-05-05 00:00:00-04:00,4.510000228881836,4.929999828338623,4.251999855041504,4.829999923706055,4100,0,0,-0.006172882507033073,-0.026209700290543814,,0.004899213779085223,49.62836456522703,ADXN
2022-05-06 00:00:00-04:00,4.699999809265137,4.829999923706055,4.300000190734863,4.300000190734863,4800,0,0,-0.16988410555333966,-0.14512922239048975,,0.005735664912099773,44.659162615337486,ADXN
2022-05-09 00:00:00-04:00,4.590000152587891,4.71999979019165,4.0,4.010000228881836,7700,0,0,-0.1593290891160669,-0.1282608017353556,,0.009200962463160054,42.17100651636061,ADXN
2022-05-10 00:00:00-04:00,3.990000009536743,4.0,3.819999933242798,3.9200000762939453,5900,0,0,-0.19175254569599398,-0.19589742024739587,,0.007050088121122638,41.40010573434823,ADXN
2022-05-11 00:00:00-04:00,4.059999942779541,4.340000152587891,3.756999969482422,3.859999895095825,14000,0,0,-0.13743017265767732,-0.20820514972393334,,0.016729022660291006,40.863794114495555,ADXN
2022-05-12 00:00:00-04:00,4.179999828338623,4.25,3.9110000133514404,4.0,4200,0,0,-0.17184263702207192,-0.15700735585398273,,0.0050187067980873015,42.728102741056325,ADXN
2022-05-13 00:00:00-04:00,3.805000066757202,4.170000076293945,3.7699999809265137,4.170000076293945,4400,0,0,-0.03023258341267676,-0.049464327211803716,,0.005257692836091459,44.99570255362192,ADXN
2022-05-16 00:00:00-04:00,4.110000133514404,4.170000076293945,3.819999933242798,4.130000114440918,3000,0,0,0.029925156785475693,-0.17564871741279786,,0.0035847905700623585,44.548756025846195,ADXN
2022-05-17 00:00:00-04:00,4.090000152587891,4.110000133514404,3.190000057220459,3.7100000381469727,10700,0,0,-0.05357143726015212,-0.13980990859387,,0.012785753033222411,40.0502878930613,ADXN
2022-05-18 00:00:00-04:00,3.609999895095825,3.859999895095825,3.5999999046325684,3.859999895095825,1100,0,0,0.0,-0.24461843556917695,,0.0013144232090228647,42.29155987098021,ADXN
2022-05-19 00:00:00-04:00,3.8299999237060547,3.8299999237060547,3.700000047683716,3.8299999237060547,1900,0,0,-0.04250001907348633,-0.26908395209933933,,0.0022703673610394936,41.95373411293586,ADXN
2022-05-20 00:00:00-04:00,3.7200000286102295,3.7200000286102295,3.440000057220459,3.7200000286102295,1300,0,0,-0.10791367852531308,-0.24390244493403168,,0.0015534092470270218,40.670875795206115,ADXN
2022-05-23 00:00:00-04:00,3.799999952316284,3.9100000858306885,3.5,3.5,1500,0,0,-0.1525423963641226,-0.19724773100435578,,0.0017923952850311792,38.15779477342378,ADXN
2022-05-24 00:00:00-04:00,3.700000047683716,3.9200000762939453,3.049999952316284,3.309999942779541,56600,0,0,-0.1078167361872101,-0.3813084108817628,,0.06763304875517649,36.08405625260917,ADXN
2022-05-25 00:00:00-04:00,3.5799999237060547,3.799999952316284,3.559999942779541,3.700000047683716,21600,0,0,-0.04145073879804795,-0.18322298536046833,,0.02581049210444898,42.93902657297703,ADXN
2022-05-26 00:00:00-04:00,3.6679999828338623,3.865000009536743,3.6679999828338623,3.865000009536743,1300,0,0,0.009138403793183647,-0.20473253017344017,,0.0015534092470270218,45.597422439836095,ADXN
2022-05-27 00:00:00-04:00,3.4100000858306885,3.680000066757202,2.799999952316284,3.680000066757202,2900,0,0,-0.01075267783478251,-0.289575253144847,,0.00346529755106028,43.16899649748599,ADXN
2022-05-31 00:00:00-04:00,3.819999933242798,3.8299999237060547,3.7100000381469727,3.7699999809265137,3000,0,0,0.07714285169328972,-0.20964360670830906,,0.0035847905700623585,44.71166726005584,ADXN
2022-06-01 00:00:00-04:00,3.7300000190734863,3.806999921798706,3.7300000190734863,3.806999921798706,500,0,0,0.15015105365887527,-0.21505154708098473,,0.000597465095010393,45.368230867308604,ADXN
2022-06-02 00:00:00-04:00,3.686000108718872,3.744999885559082,3.259999990463257,3.5899999141693115,5800,0,0,-0.029729765431561805,-0.19776536521198473,,0.00693059510212056,42.202832896929955,ADXN
2022-06-03 00:00:00-04:00,3.799999952316284,4.329999923706055,3.440000057220459,4.0,2600,0,0,0.034928846088007504,-0.17184263702207192,,0.0031068184940540437,49.38802873912241,ADXN
2022-06-06 00:00:00-04:00,3.700000047683716,4.0,3.4000000953674316,3.5,11000,0,0,-0.04891306073149537,-0.18604654773239548,,0.013144232090228648,42.456253594736346,ADXN
2022-06-07 00:00:00-04:00,3.700000047683716,3.819999933242798,3.5999999046325684,3.630000114440918,6700,0,0,-0.03713524328750506,-0.09476311539934212,,0.008006032273139266,44.63215305100622,ADXN
2022-06-08 00:00:00-04:00,3.880000114440918,3.890000104904175,3.8489999771118164,3.8499999046325684,3500,0,0,0.011294978649105447,-0.017857186300760608,,0.004182255665072751,48.2017485492687,ADXN
2022-06-09 00:00:00-04:00,3.681999921798706,3.869999885559082,3.450000047683716,3.700000047683716,6500,0,0,0.03064070644688499,-0.04145073879804795,,0.00776704623513511,46.023084087643774,ADXN
2022-06-10 00:00:00-04:00,3.5299999713897705,3.5369999408721924,3.5299999713897705,3.5299999713897705,800,0,0,-0.11750000715255737,-0.11750000715255737,,0.0009559441520166289,43.616918606953206,ADXN
2022-06-13 00:00:00-04:00,3.5299999713897705,3.5299999713897705,3.5199999809265137,3.5299999713897705,1500,0,0,0.008571420397077256,-0.15347724057429035,,0.0017923952850311792,43.616918606953206,ADXN
2022-06-14 00:00:00-04:00,3.4200000762939453,3.4200000762939453,3.4000000953674316,3.4000000953674316,2300,0,0,-0.06336088479956159,-0.17675544766233187,,0.002748339437047808,41.684132776547166,ADXN
2022-06-15 00:00:00-04:00,3.450000047683716,3.450000047683716,3.4100000858306885,3.4100000858306885,500,0,0,-0.11428567005221058,-0.0808625200085239,,0.000597465095010393,41.89742032291799,ADXN
2022-06-16 00:00:00-04:00,3.3399999141693115,3.4600000381469727,3.1500000953674316,3.3450000286102295,6900,0,0,-0.09594594986443972,-0.13341965815592616,,0.008245018311143423,40.85153052080416,ADXN
2022-06-17 00:00:00-04:00,1.8899999856948853,1.8899999856948853,1.3899999856948853,1.5,743200,0,0,-0.5750708180857447,-0.60835508358221,,0.8880721172234483,23.170643209377033,ADXN
2022-06-21 00:00:00-04:00,1.4199999570846558,1.4299999475479126,1.2000000476837158,1.2549999952316284,267400,0,0,-0.6444759191492199,-0.6626344124786232,,0.31952433281155823,21.82010475599799,ADXN
2022-06-22 00:00:00-04:00,1.2599999904632568,1.2599999904632568,1.0499999523162842,1.1069999933242798,107400,0,0,-0.6744117758018332,-0.6837142876216343,,0.12833550240823244,21.022949660828797,ADXN
2022-06-23 00:00:00-04:00,1.149999976158142,1.309999942779541,1.093999981880188,1.1399999856948853,128100,0,0,-0.6656891621698663,-0.6555891222349747,,0.1530705573416627,21.709749962101377,ADXN
2022-06-24 00:00:00-04:00,1.1299999952316284,1.1799999475479126,1.0499999523162842,1.100000023841858,46600,0,0,-0.6711509672844809,-0.7027027000903736,,0.05568374685496863,21.466074043699464,ADXN
2022-06-27 00:00:00-04:00,1.0700000524520874,1.1399999856948853,1.0700000524520874,1.128999948501587,38600,0,0,-0.24733336766560876,-0.7078913465159582,,0.04612430533480234,22.14833056535644,ADXN
2022-06-28 00:00:00-04:00,1.149999976158142,1.159999966621399,1.0499999523162842,1.0499999523162842,55600,0,0,-0.16334664836194557,-0.7146739311769799,,0.0664381185651557,21.59788238175662,ADXN
2022-06-29 00:00:00-04:00,1.1399999856948853,1.1399999856948853,1.0299999713897705,1.0499999523162842,63000,0,0,-0.05149055225992061,-0.7214854223797007,,0.07528060197130952,21.597882381756623,ADXN
2022-06-30 00:00:00-04:00,1.1829999685287476,1.1959999799728394,1.0499999523162842,1.149999976158142,83600,0,0,0.008771921569070251,-0.6979248752874159,,0.09989616388573772,24.357713420945252,ADXN
2022-07-01 00:00:00-04:00,1.2100000381469727,1.2200000286102295,1.1200000047683716,1.190000057220459,62400,0,0,0.08181821038900261,-0.6685236530163504,,0.07456364385729705,25.48758425156017,ADXN
2022-07-05 00:00:00-04:00,1.2000000476837158,1.2999999523162842,1.100000023841858,1.2000000476837158,248100,0,0,0.06288760178984987,-0.699999988079071,,0.29646218014415704,25.786035348186076,ADXN
2022-07-06 00:00:00-04:00,1.2300000190734863,1.2300000190734863,1.0499999523162842,1.149999976158142,42100,0,0,0.09523812226968142,-0.6714285782405308,,0.05030656099987509,25.241635801867794,ADXN
2022-07-07 00:00:00-04:00,1.159999966621399,1.1699999570846558,1.0700000524520874,1.1299999952316284,30700,0,0,0.07619052052227748,-0.688705245287391,,0.03668435683363813,25.01414570510151,ADXN
2022-07-08 00:00:00-04:00,1.0700000524520874,1.159999966621399,1.0449999570846558,1.090000033378601,68300,0,0,-0.05217386436822857,-0.7168831012003292,,0.08161373197841969,24.53782899920088,ADXN
2022-07-11 00:00:00-04:00,1.0499999523162842,1.159999966621399,1.0299999713897705,1.0839999914169312,107100,0,0,-0.0890756812660306,-0.7070270331224617,,0.12797702335122618,24.462581543699134,ADXN
2022-07-12 00:00:00-04:00,1.0700000524520874,1.090000033378601,1.0,1.059999942779541,30900,0,0,-0.11666674945089228,-0.6997167276570214,,0.03692334287164229,24.14364735268004,ADXN
2022-07-13 00:00:00-04:00,1.0,1.0800000429153442,0.9700000286102295,0.9789999723434448,92100,0,0,-0.14869565857380695,-0.7226628951053475,,0.1100530705009144,23.051321906145755,ADXN
2022-07-14 00:00:00-04:00,1.090000033378601,1.090999960899353,0.9700000286102295,0.9800000190734863,282100,0,0,-0.1327433422930192,-0.7117647083572862,,0.33708980660486376,23.097582295386992,ADXN
2022-07-15 00:00:00-04:00,1.0199999809265137,1.0390000343322754,0.9599999785423279,0.9900000095367432,124500,0,0,-0.09174313832990855,-0.7096774238656433,,0.14876880865758788,23.592245414269755,ADXN
2022-07-18 00:00:00-04:00,1.0,1.0199999809265137,0.9959999918937683,1.0099999904632568,19600,0,0,-0.06826568407712486,-0.6980568066294193,,0.023420631724407406,24.636355068888584,ADXN
2022-07-19 00:00:00-04:00,1.0499999523162842,1.0499999523162842,0.8600000143051147,0.9300000071525574,236900,0,0,-0.12264145532507931,-0.3799999952316284,,0.28307896201592425,23.26676774628127,ADXN
2022-07-20 00:00:00-04:00,0.9449999928474426,0.949999988079071,0.8610000014305115,0.9169999957084656,111800,0,0,-0.06332990642131386,-0.26932270980668815,,0.1335931952443239,23.042594811529856,ADXN
2022-07-21 00:00:00-04:00,1.5800000429153442,2.490000009536743,1.5700000524520874,1.9299999475479126,158012100,0,0,0.9693876632498204,0.7434507309726304,,188.81342867858345,57.44759686008444,ADXN
2022-07-22 00:00:00-04:00,1.7400000095367432,2.190000057220459,1.5199999809265137,1.9800000190734863,12376400,0,0,1.0,0.7368421437887829,,14.788934003773257,58.435333927497865,ADXN
2022-07-25 00:00:00-04:00,1.840000033378601,1.9500000476837158,1.350000023841858,1.4199999570846558,3722800,0,0,0.40594056484430685,0.29090902391544193,,4.448486111409382,45.653493085695196,ADXN
2022-07-26 00:00:00-04:00,1.309999942779541,1.409999966621399,1.2100000381469727,1.3300000429153442,1384600,0,0,0.4301075620284063,0.17803374985138443,,1.6545003411027805,43.98819227463007,ADXN
2022-07-27 00:00:00-04:00,1.3799999952316284,1.3890000581741333,1.149999976158142,1.25,802800,0,0,0.36314068249723563,0.19047624453936285,,0.9592899565486871,42.50402930477966,ADXN
2022-07-28 00:00:00-04:00,1.2400000095367432,1.309999942779541,1.2100000381469727,1.2699999809265137,305500,0,0,-0.34196890391626,0.2095238462867668,,0.36505117305135015,43.02161192008925,ADXN
2022-07-29 00:00:00-04:00,1.2699999809265137,1.2890000343322754,1.100000023841858,1.1579999923706055,426400,0,0,-0.41515152463863325,0.006956535981147871,,0.5095182330248632,40.806262821655245,ADXN
2022-08-01 00:00:00-04:00,1.100000023841858,1.190000057220459,1.0800000429153442,1.159999966621399,419400,0,0,-0.18309859036689846,-0.025210158955061512,,0.5011537216947177,40.86482166832629,ADXN
2022-08-02 00:00:00-04:00,1.1799999475479126,1.2200000286102295,1.0399999618530273,1.090000033378601,335000,0,0,-0.18045112916738404,-0.09166667494508918,,0.4003016136569633,39.39581179830876,ADXN
2022-08-03 00:00:00-04:00,1.1699999570846558,1.1699999570846558,1.1100000143051147,1.1299999952316284,251900,0,0,-0.09600000381469731,-0.01739128812274282,,0.30100291486623604,40.70747308250057,ADXN
2022-08-04 00:00:00-04:00,1.1799999475479126,1.2899999618530273,1.1699999570846558,1.2599999904632568,801100,0,0,-0.007874008357040663,0.11504424405327618,,0.9572585752256517,44.88265849198413,ADXN
2022-08-05 00:00:00-04:00,1.2300000190734863,1.399999976158142,1.2100000381469727,1.2999999523162842,510300,0,0,0.12262518210814743,0.19266047018985888,,0.6097728759676071,46.139405538682645,ADXN
2022-08-08 00:00:00-04:00,1.2799999713897705,1.3700000047683716,1.2599999904632568,1.2999999523162842,326300,0,0,0.12068964631322143,0.199261958126967,,0.3899057210037825,46.139405538682645,ADXN
2022-08-09 00:00:00-04:00,1.309999942779541,1.5499999523162842,1.2999999523162842,1.399999976158142,1020700,0,0,0.2844036085197674,0.32075476578522255,,1.2196652449542165,49.47934414926819,ADXN
2022-08-10 00:00:00-04:00,1.409999966621399,1.4199999570846558,1.2599999904632568,1.309999942779541,439100,0,0,0.1592919896526337,0.3381000814982429,,0.5246938464381272,46.674100734922455,ADXN
2022-08-11 00:00:00-04:00,1.2599999904632568,1.3509999513626099,1.222000002861023,1.2899999618530273,383000,0,0,0.023809501283202916,0.3163264660674414,,0.45765826277796107,46.04930040800534,ADXN
2022-08-12 00:00:00-04:00,1.2799999713897705,1.3899999856948853,1.159999966621399,1.340000033378601,960000,0,0,0.03076929425347008,0.3535353742124059,,1.1471329824199548,47.926071723057674,ADXN
2022-08-15 00:00:00-04:00,1.3700000047683716,1.4900000095367432,1.3600000143051147,1.3899999856948853,357100,0,0,0.0692307974459867,0.37623762259377225,,0.4267095708564227,49.80645255272157,ADXN
2022-08-16 00:00:00-04:00,1.3600000143051147,1.4299999475479126,1.2999999523162842,1.350000023841858,426900,0,0,-0.035714252262698754,0.4516129176979713,,0.5101156981198736,48.30372325979461,ADXN
2022-08-17 00:00:00-04:00,1.3200000524520874,1.3799999952316284,1.2899999618530273,1.2899999618530273,190000,0,0,-0.015267161679471508,0.40676114273739494,,0.22703673610394937,46.05888346293202,ADXN
2022-08-18 00:00:00-04:00,1.25,1.4500000476837158,1.25,1.3300000429153442,683500,0,0,0.031007815693931073,-0.3108807880512511,,0.8167347848792073,47.800548139253955,ADXN
2022-08-19 00:00:00-04:00,1.2999999523162842,1.2999999523162842,1.1799999475479126,1.25,233900,0,0,-0.06716420234086118,-0.3686868747683547,,0.27949417144586186,44.692462823881165,ADXN
2022-08-22 00:00:00-04:00,1.2300000190734863,1.2430000305175781,1.1399999856948853,1.149999976158142,106700,0,0,-0.17266187914150444,-0.19014083738484022,,0.12749905127521788,41.095401442273186,ADXN
2022-08-23 00:00:00-04:00,1.1699999570846558,1.2400000095367432,1.1200000047683716,1.1399999856948853,106000,0,0,-0.15555558106536194,-0.14285718127044655,,0.12666260014220332,40.74226471073088,ADXN
2022-08-24 00:00:00-04:00,1.1200000047683716,1.2599999904632568,1.1200000047683716,1.2200000286102295,148200,0,0,-0.05426351574634625,-0.02399997711181645,,0.1770886541610805,44.826891983114955,ADXN
2022-08-25 00:00:00-04:00,1.2000000476837158,1.2300000190734863,1.1699999570846558,1.2200000286102295,54100,0,0,-0.08270677500430457,-0.0393700417852032,,0.06464572328012452,44.82689198311495,ADXN
2022-08-26 00:00:00-04:00,1.149999976158142,1.2200000286102295,1.1200000047683716,1.149999976158142,134700,0,0,-0.0800000190734863,-0.006908476912928174,,0.16095709659579988,41.89626714901408,ADXN
2022-08-29 00:00:00-04:00,1.159999966621399,1.2999999523162842,1.1399999856948853,1.2200000286102295,680200,0,0,0.060869612089853975,0.05172419285802743,,0.8127915152521387,45.71801476058332,ADXN
2022-08-30 00:00:00-04:00,1.1799999475479126,1.1799999475479126,0.9679999947547913,1.059999942779541,432300,0,0,-0.07017547712211625,-0.0275230180553947,,0.5165683211459858,39.347410114754446,ADXN
2022-08-31 00:00:00-04:00,1.059999942779541,1.100000023841858,1.0499999523162842,1.0800000429153442,39000,0,0,-0.11475408394405295,-0.0442477455993574,,0.04660227741081066,40.46419154445394,ADXN
2022-09-01 00:00:00-04:00,1.090000033378601,1.100000023841858,1.0199999809265137,1.0499999523162842,75800,0,0,-0.13934432156333798,-0.16666669820351598,,0.09057570840357558,39.29540374763152,ADXN
2022-09-02 00:00:00-04:00,1.0299999713897705,1.0800000429153442,1.0199999809265137,1.0499999523162842,25900,0,0,-0.08695654427396826,-0.19230769936149672,,0.03094869192153836,39.29540374763151,ADXN
2022-09-06 00:00:00-04:00,1.0399999618530273,1.065000057220459,0.9679999947547913,1.0099999904632568,96600,0,0,-0.1721311747723444,-0.22307690191551,,0.11543025635600794,37.615301452910856,ADXN
2022-09-07 00:00:00-04:00,1.0099999904632568,1.0199999809265137,0.9430000185966492,0.9900000095367432,73900,0,0,-0.06603767643538117,-0.292857124002612,,0.0883053410425361,36.76879922688102,ADXN
2022-09-08 00:00:00-04:00,0.972000002861023,1.059999942779541,0.972000002861023,1.0299999713897705,39300,0,0,-0.046296360684027316,-0.21374044551152438,,0.046960756467816896,39.69196480829851,ADXN
2022-09-09 00:00:00-04:00,1.0199999809265137,1.059999942779541,1.0199999809265137,1.0399999618530273,31300,0,0,-0.00952380087370197,-0.19379845534327467,,0.0374013149476506,40.43336002959167,ADXN
2022-09-12 00:00:00-04:00,1.0299999713897705,1.090000033378601,1.0,1.0099999904632568,71500,0,0,-0.03809520349480777,-0.2462686826083882,,0.0854375085864862,38.88879900364404,ADXN
2022-09-13 00:00:00-04:00,1.0,1.0299999713897705,0.925000011920929,0.9599999785423279,95900,0,0,-0.04950496276539118,-0.3093525263150221,,0.11459380522299338,36.39349773729243,ADXN
2022-09-14 00:00:00-04:00,0.9660000205039978,1.0299999713897705,0.9309999942779541,0.9509999752044678,41000,0,0,-0.03939397369352038,-0.2955555863635525,,0.04899213779085223,35.94639122198168,ADXN
2022-09-15 00:00:00-04:00,1.0299999713897705,1.0299999713897705,0.9300000071525574,0.9599999785423279,91400,0,0,-0.06796115999206509,-0.2558139481156799,,0.10921661936789985,36.78277825372957,ADXN
2022-09-16 00:00:00-04:00,0.9700000286102295,1.003999948501587,0.9319999814033508,0.9369999766349792,74200,0,0,-0.09903845095775499,-0.29548876210478425,,0.08866382009954232,35.50679480005399,ADXN
2022-09-19 00:00:00-04:00,0.9900000095367432,0.9900000095367432,0.8429999947547913,0.8550000190734863,127800,0,0,-0.15346531965676224,-0.31599998474121094,,0.15271207828465647,31.333493238012,ADXN
2022-09-20 00:00:00-04:00,0.8600000143051147,1.0,0.8100000023841858,0.8230000138282776,237900,0,0,-0.1427082997669148,-0.28434779922542985,,0.284273892205945,29.8586056336865,ADXN
2022-09-21 00:00:00-04:00,0.8899999856948853,0.949999988079071,0.8339999914169312,0.8619999885559082,191500,0,0,-0.0935856876646336,-0.24385964967317308,,0.22882913138898053,33.93981482971948,ADXN
2022-09-22 00:00:00-04:00,0.8700000047683716,0.949999988079071,0.7429999709129333,0.7799999713897705,551900,0,0,-0.1875000116415324,-0.3606557761491922,,0.6594819718724718,29.988806506500488,ADXN
2022-09-23 00:00:00-04:00,0.8180000185966492,0.8180000185966492,0.7839999794960022,0.7950000166893005,40100,0,0,-0.15154745302730854,-0.3483606573395497,,0.047916700619833524,31.55838145386367,ADXN
2022-09-26 00:00:00-04:00,0.8149999976158142,0.8149999976158142,0.7680000066757202,0.8059999942779541,42800,0,0,-0.05730996924260967,-0.2991304252278375,,0.051143012132889645,32.74906625153255,ADXN
2022-09-27 00:00:00-04:00,0.8100000023841858,0.8500000238418579,0.7229999899864197,0.8009999990463257,43000,0,0,-0.02673148774277212,-0.3434426391294517,,0.051381998170893804,32.47252806450817,ADXN
2022-09-28 00:00:00-04:00,0.7879999876022339,0.8360000252723694,0.7549999952316284,0.8199999928474426,32200,0,0,-0.0487238935801233,-0.22641505932799244,,0.03847675211866931,34.72807145749463,ADXN
2022-09-29 00:00:00-04:00,0.7929999828338623,0.8169999718666077,0.6800000071525574,0.800000011920929,20200,0,0,0.025641078544558438,-0.25925927765575385,,0.02413758983841988,33.46108627203449,ADXN
2022-09-30 00:00:00-04:00,0.8199999928474426,0.8199999928474426,0.7749999761581421,0.800000011920929,21200,0,0,0.006289302046118772,-0.23809519214154162,,0.025332520028440664,33.461086272034485,ADXN
2022-10-03 00:00:00-04:00,0.800000011920929,0.8050000071525574,0.7360000014305115,0.7900000214576721,27100,0,0,-0.01985108304450467,-0.2476189930152436,,0.032382608149563306,32.767854829792256,ADXN
2022-10-04 00:00:00-04:00,0.7900000214576721,0.8500000238418579,0.765999972820282,0.765999972820282,20800,0,0,-0.04369541356768403,-0.24158417816524858,,0.02485454795243235,31.102412811910106,ADXN
2022-10-05 00:00:00-04:00,0.7649999856948853,0.8199999928474426,0.7210000157356262,0.7549999952316284,66300,0,0,-0.07926829046681128,-0.2373737495367093,,0.07922387159837811,30.3412469645017,ADXN
2022-10-06 00:00:00-04:00,0.75,0.7549999952316284,0.7200000286102295,0.7450000047683716,42400,0,0,-0.06875000791624175,-0.2766990044056514,,0.05066504005688133,29.631296040441995,ADXN
2022-10-07 00:00:00-04:00,0.75,0.8450000286102295,0.75,0.7950000166893005,120700,0,0,-0.006249993946403354,-0.23557687899064572,,0.14422807393550888,37.50526244314409,ADXN
2022-10-10 00:00:00-04:00,0.7950000166893005,0.8299999833106995,0.765999972820282,0.8299999833106995,30600,0,0,0.05063286172982795,-0.17821783054670792,,0.036564863814636056,42.36675147426816,ADXN
2022-10-11 00:00:00-04:00,0.8550000190734863,0.8550000190734863,0.7710000276565552,0.7900000214576721,28400,0,0,0.03133165729631293,-0.17708329258796973,,0.03393601739659032,38.66489694100207,ADXN
2022-10-12 00:00:00-04:00,0.7799999713897705,0.8199999928474426,0.7699999809265137,0.7699999809265137,15700,0,0,0.01986753084718007,-0.19032597160587583,,0.018760403983326342,36.92749610290243,ADXN
2022-10-13 00:00:00-04:00,0.7250000238418579,0.8199999928474426,0.7250000238418579,0.800000011920929,39400,0,0,0.07382551248393265,-0.1666666356225801,,0.04708024948681897,41.195907151454705,ADXN
2022-10-14 00:00:00-04:00,0.7799999713897705,0.800000011920929,0.75,0.800000011920929,6600,0,0,0.006289302046118772,-0.14621127868759853,,0.007886539254137188,41.195907151454705,ADXN
2022-10-17 00:00:00-04:00,0.7429999709129333,0.8199999928474426,0.7429999709129333,0.7789999842643738,5100,0,0,-0.061445783219051586,-0.08888892761835177,,0.006094143969106009,39.0504505119924,ADXN
2022-10-18 00:00:00-04:00,0.8100000023841858,0.8199999928474426,0.7540000081062317,0.800000011920929,20800,0,0,0.012658215432457043,-0.02794653890752874,,0.02485454795243235,42.28729464786532,ADXN
2022-10-19 00:00:00-04:00,0.800000011920929,0.8119999766349792,0.7099999785423279,0.7900000214576721,26100,0,0,0.025974079255291826,-0.08352664507438823,,0.03118767795954252,41.16616433938338,ADXN
2022-10-20 00:00:00-04:00,0.7699999809265137,0.8100000023841858,0.75,0.7549999952316284,16300,0,0,-0.05625002002343504,-0.03205125266043052,,0.019477362097338812,37.42613790019712,ADXN
2022-10-21 00:00:00-04:00,0.7519999742507935,0.7979999780654907,0.75,0.7799999713897705,12900,0,0,-0.025000050291418274,-0.018867981112750454,,0.01541459945126814,41.513523716843295,ADXN
2022-10-24 00:00:00-04:00,0.75,0.7870000004768372,0.6420000195503235,0.7379999756813049,87300,0,0,-0.05263159102857495,-0.08436726932928362,,0.10431740558881462,37.12594858203167,ADXN
2022-10-25 00:00:00-04:00,0.7350000143051147,0.7900000214576721,0.7200000286102295,0.7300000190734863,55900,0,0,-0.08749998975545181,-0.08863917610158834,,0.06679659762216195,36.33813995877754,ADXN
2022-10-26 00:00:00-04:00,0.8259999752044678,0.8700000047683716,0.75,0.8149999976158142,150100,0,0,0.031645538581142496,-0.006097555213709138,,0.17935902152212,48.77569726932028,ADXN
2022-10-27 00:00:00-04:00,0.7889999747276306,0.8600000143051147,0.7699999809265137,0.8149999976158142,50700,0,0,0.07947020233527047,0.01874998183921006,,0.060582960634053856,48.775697269320275,ADXN
2022-10-28 00:00:00-04:00,0.8500000238418579,0.949999988079071,0.8199999928474426,0.8999999761581421,348600,0,0,0.15384616560249453,0.12499995343387194,,0.41655266424124604,58.238170327055805,ADXN
2022-10-31 00:00:00-04:00,0.8999999761581421,0.9900000095367432,0.8199999928474426,0.8500000238418579,142700,0,0,0.15176158787425043,0.07594936804365715,,0.17051653811596618,52.137038403225674,ADXN
2022-11-01 00:00:00-04:00,0.8500000238418579,0.8500000238418579,0.7599999904632568,0.800000011920929,86000,0,0,0.0958903986554498,0.04438647559668252,,0.10276399634178761,46.85125762030586,ADXN
2022-11-02 00:00:00-04:00,0.8080000281333923,0.8399999737739563,0.7699999809265137,0.8299999833106995,72200,0,0,0.018404890477013325,0.09933773318245076,,0.08627395971950076,50.11889793837349,ADXN
2022-11-03 00:00:00-04:00,0.7549999952316284,0.8180000185966492,0.7459999918937683,0.7900000214576721,59200,0,0,-0.030674817461688986,0.06040270657889657,,0.07073986724923054,46.05329138582105,ADXN
2022-11-04 00:00:00-04:00,0.75,0.8159999847412109,0.7300000190734863,0.75,30800,0,0,-0.16666664459087177,-0.05660379338946264,,0.036803849852640215,42.35333363623253,ADXN
2022-11-07 00:00:00-05:00,0.7599999904632568,0.7799999713897705,0.7200000286102295,0.7419999837875366,32000,0,0,-0.12705886708823744,-0.10602409794292877,,0.038237766080665155,41.63290962276664,ADXN
2022-11-08 00:00:00-05:00,0.7599999904632568,0.7699999809265137,0.7099999785423279,0.7160000205039978,63900,0,0,-0.10499998770654217,-0.09367088473887997,,0.07635603914232823,39.293593673054815,ADXN
2022-11-09 00:00:00-05:00,0.7400000095367432,0.7799999713897705,0.703000009059906,0.703000009059906,40500,0,0,-0.15301202024633376,-0.08701295263149089,,0.048394672695841835,38.13965027216167,ADXN
2022-11-10 00:00:00-05:00,0.75,0.7900000214576721,0.7269999980926514,0.7670000195503235,41300,0,0,-0.02911392567421711,-0.04124998984858408,,0.049350616847858464,46.473615122729306,ADXN
2022-11-11 00:00:00-05:00,0.7990000247955322,0.8799999952316284,0.7110000252723694,0.7799999713897705,1260800,0,0,0.039999961853027344,-0.025000050291418274,,1.506567983578207,48.00590077048018,ADXN
2022-11-14 00:00:00-05:00,0.7799999713897705,0.8700000047683716,0.6679999828338623,0.7609999775886536,2215200,0,0,0.025606461207898557,-0.023106555891291847,,2.6470093569340456,45.936128289026975,ADXN
2022-11-15 00:00:00-05:00,0.7699999809265137,0.8650000095367432,0.7699999809265137,0.8149999976158142,439500,0,0,0.13826812049827808,0.01874998183921006,,0.5251718185141355,52.238847100811824,ADXN
2022-11-16 00:00:00-05:00,0.8149999976158142,0.8600000143051147,0.800000011920929,0.8339999914169312,83800,0,0,0.18634421147761615,0.05569616299259361,,0.10013514992374188,54.25938503806368,ADXN
2022-11-17 00:00:00-05:00,0.828000009059906,0.8569999933242798,0.800000011920929,0.8100000023841858,98400,0,0,0.05606255767642909,0.07284769205287711,,0.11758113069804535,51.30675507159261,ADXN
2022-11-18 00:00:00-05:00,0.796999990940094,0.8700000047683716,0.75,0.8500000238418579,231000,0,0,0.0897436602816335,0.0897436602816335,,0.2760288738948016,55.639512090488154,ADXN
2022-11-21 00:00:00-05:00,0.800000011920929,0.8500000238418579,0.800000011920929,0.8199999928474426,96300,0,0,0.07752958869425952,0.11111113803281247,,0.1150717772990017,51.908871851007454,ADXN
2022-11-22 00:00:00-05:00,0.8199999928474426,0.8299999833106995,0.7820000052452087,0.8069999814033508,66900,0,0,-0.009815970841553945,0.10547939769589676,,0.0799408297123906,50.333919137559,ADXN
2022-11-23 00:00:00-05:00,0.7850000262260437,0.8529999852180481,0.7850000262260437,0.8199999928474426,64700,0,0,-0.016786569200921808,0.006134963492337775,,0.07731198329434485,51.905392405482665,ADXN
2022-11-25 00:00:00-05:00,0.8029999732971191,0.8299999833106995,0.8029999732971191,0.8149999976158142,12300,0,0,0.006172833601125083,0.0,,0.014697641337255669,51.23393974569284,ADXN
2022-11-28 00:00:00-05:00,0.8220000267028809,0.8299999833106995,0.7699999809265137,0.7960000038146973,36700,0,0,-0.06352943354411877,-0.1155555278872259,,0.04385393797376285,48.65805618262411,ADXN
2022-11-29 00:00:00-05:00,0.7940000295639038,0.7990000247955322,0.7599999904632568,0.7749999761581421,100100,0,0,-0.0548780696119745,-0.08823534774120145,,0.11961251202108068,45.91058949965754,ADXN
2022-11-30 00:00:00-05:00,0.7599999904632568,0.7850000262260437,0.7409999966621399,0.7699999809265137,112600,0,0,-0.04584882444792027,-0.03750003818422498,,0.13454913939634053,45.25537685254194,ADXN
2022-12-01 00:00:00-05:00,0.7620000243186951,0.7900000214576721,0.7110000252723694,0.7509999871253967,108200,0,0,-0.0841463491754969,-0.0951807202094005,,0.12929144656024905,42.75815616488943,ADXN
2022-12-02 00:00:00-05:00,0.7699999809265137,0.7900000214576721,0.7480000257492065,0.7699999809265137,65000,0,0,-0.05521474456557396,-0.025316506313829312,,0.0776704623513511,45.96896680887063,ADXN
2022-12-05 00:00:00-05:00,0.7799999713897705,0.7799999713897705,0.7160000205039978,0.7229999899864197,194400,0,0,-0.09170855964627789,-0.03600001335144043,,0.23229442894004082,39.992929556909054,ADXN
2022-12-06 00:00:00-05:00,0.7300000190734863,0.7300000190734863,0.699999988079071,0.7149999737739563,91000,0,0,-0.07741936029678342,-0.036388154452185906,,0.10873864729189153,39.06207539785732,ADXN
2022-12-07 00:00:00-05:00,0.7250000238418579,0.7250000238418579,0.5509999990463257,0.625,455100,0,0,-0.18831166820555023,-0.12709499706430483,,0.5438127294784597,30.469861119647508,ADXN
2022-12-08 00:00:00-05:00,0.6399999856948853,0.6759999990463257,0.6299999952316284,0.6399999856948853,150200,0,0,-0.14780293386606602,-0.08961596380243031,,0.17947851454112207,33.11068640687817,ADXN
2022-12-09 00:00:00-05:00,0.6700000166893005,0.6909999847412109,0.6299999952316284,0.6510000228881836,110600,0,0,-0.15454540387798665,-0.15123858370974796,,0.13215927901629895,35.05862840884357,ADXN
2022-12-12 00:00:00-05:00,0.6600000262260437,0.6899999976158142,0.6269999742507935,0.6389999985694885,54100,0,0,-0.11618256235177671,-0.1807692025540133,,0.06464572328012452,33.898845133849356,ADXN
2022-12-13 00:00:00-05:00,0.7200000286102295,0.7200000286102295,0.6200000047683716,0.6320000290870667,75600,0,0,-0.11608384298085261,-0.16951373495481992,,0.09033672236557143,33.208712346815815,ADXN
2022-12-14 00:00:00-05:00,0.6499999761581421,0.6899999976158142,0.6200000047683716,0.6230000257492065,38500,0,0,-0.0031999588012695535,-0.23558278825555923,,0.04600481231580027,32.298258223299044,ADXN
2022-12-15 00:00:00-05:00,0.6389999985694885,0.6499999761581421,0.6000000238418579,0.6060000061988831,162400,0,0,-0.05312496914993903,-0.2733812800533555,,0.19405666285937567,30.592146694509058,ADXN
2022-12-16 00:00:00-05:00,0.6110000014305115,0.6399999856948853,0.5809999704360962,0.6150000095367432,50800,0,0,-0.05529955773538253,-0.24074073120181727,,0.06070245365305593,32.621363573183345,ADXN
2022-12-19 00:00:00-05:00,0.5820000171661377,0.6499999761581421,0.5820000171661377,0.6000000238418579,26200,0,0,-0.061032824436523914,-0.29411763880904596,,0.031307170978544595,30.994904947058966,ADXN
2022-12-20 00:00:00-05:00,0.5870000123977661,0.6499999761581421,0.5799999833106995,0.6079999804496765,90300,0,0,-0.03797475875445533,-0.25853660274019996,,0.10790219615887699,32.915967644777794,ADXN
2022-12-21 00:00:00-05:00,0.6179999709129333,0.628000020980835,0.5709999799728394,0.6000000238418579,81800,0,0,-0.03691813957742507,-0.2565055295311478,,0.0977452895437003,31.957841903844532,ADXN
2022-12-22 00:00:00-05:00,0.6100000143051147,0.6100000143051147,0.550000011920929,0.5540000200271606,156900,0,0,-0.08580855716139468,-0.3243902135859775,,0.18748454681426133,27.077222762196733,ADXN
2022-12-23 00:00:00-05:00,0.5600000023841858,0.6000000238418579,0.5600000023841858,0.5600000023841858,36300,0,0,-0.08943090455232161,-0.3128834306473628,,0.04337596589775453,28.60873109840234,ADXN
2022-12-27 00:00:00-05:00,0.5899999737739563,0.6299999952316284,0.5699999928474426,0.6000000238418579,56700,0,0,0.0,-0.2462311294391233,,0.06775254177417857,37.962850958021356,ADXN
2022-12-28 00:00:00-05:00,0.5920000076293945,0.6129999756813049,0.5799999833106995,0.6000000238418579,40600,0,0,-0.01315782379121433,-0.22580639703216543,,0.04851416571484392,37.96285095802135,ADXN
2022-12-29 00:00:00-05:00,0.6100000143051147,0.6299999952316284,0.6010000109672546,0.6299999952316284,121700,0,0,0.04999995032946458,-0.18181816774388515,,0.14542300412552966,44.309820707405336,ADXN
2022-12-30 00:00:00-05:00,0.6299999952316284,0.6539999842643738,0.5950000286102295,0.6299999952316284,124400,0,0,0.1371840658069683,-0.161118500623309,,0.1486493156385858,44.30982070740533,ADXN
2023-01-03 00:00:00-05:00,0.6539999842643738,0.75,0.6499999761581421,0.6800000071525574,86600,0,0,0.2142857218883476,-0.11688308571860295,,0.10348095445580008,53.504633768374276,ADXN
2023-01-04 00:00:00-05:00,0.7099999785423279,0.7400000095367432,0.7039999961853027,0.7200000286102295,56000,0,0,0.19999999999999996,-0.004149324229238971,,0.06691609064116402,59.29477605485071,ADXN
2023-01-05 00:00:00-05:00,0.7900000214576721,0.7900000214576721,0.7200000286102295,0.7429999709129333,260000,0,0,0.23833323564794706,0.03916083659581937,,0.3106818494054044,62.20897651781554,ADXN
2023-01-06 00:00:00-05:00,0.7770000100135803,0.781000018119812,0.7300000190734863,0.7440000176429749,59300,0,0,0.18095241789554728,0.19040002822875968,,0.07085936026823261,62.33524143356919,ADXN
2023-01-09 00:00:00-05:00,0.7710000276565552,0.8149999976158142,0.6499999761581421,0.699999988079071,179300,0,0,0.1111111005988279,0.09375000582076631,,0.21425098307072696,53.815629357098985,ADXN
2023-01-10 00:00:00-05:00,0.7570000290870667,0.7919999957084656,0.75,0.7639999985694885,149800,0,0,0.12352939784320593,0.17357906560429393,,0.17900054246511377,61.959705189331025,ADXN
2023-01-11 00:00:00-05:00,0.7889999747276306,0.7979999780654907,0.7599999904632568,0.7850000262260437,77500,0,0,0.09027777087909228,0.22848204692238094,,0.09260708972661093,64.1910315413006,ADXN
2023-01-12 00:00:00-05:00,0.7689999938011169,0.8500000238418579,0.7599999904632568,0.8399999737739563,434000,0,0,0.13055182591977466,0.32911382138280687,,0.5185997024690212,69.27435073752763,ADXN
2023-01-13 00:00:00-05:00,0.8299999833106995,0.878000020980835,0.8299999833106995,0.8700000047683716,223300,0,0,0.16935481738907798,0.396468649775942,,0.26682791143164153,71.63927386376396,ADXN
2023-01-17 00:00:00-05:00,0.8700000047683716,0.8999999761581421,0.8399999737739563,0.847000002861023,162900,0,0,0.21000002469335333,0.3976897594008375,,0.19465412795438605,67.35871378188463,ADXN
2023-01-18 00:00:00-05:00,0.8650000095367432,0.8650000095367432,0.7609999775886536,0.800000011920929,259700,0,0,0.04712043641210317,0.3008130073421291,,0.31032337034839813,59.53080489420699,ADXN
2023-01-19 00:00:00-05:00,0.8009999990463257,0.8600000143051147,0.800000011920929,0.8299999833106995,180500,0,0,0.05732478417994069,0.38333325054910783,,0.2156848992987519,62.52449741267121,ADXN
2023-01-20 00:00:00-05:00,0.8500000238418579,0.8999999761581421,0.8299999833106995,0.8769999742507935,164400,0,0,0.04404762099051429,0.44243421455731746,,0.19644652323941725,66.68277148078214,ADXN
2023-01-23 00:00:00-05:00,0.8700000047683716,0.9380000233650208,0.8500000238418579,0.9200000166893005,225900,0,0,0.057471277755039685,0.5333333002196432,,0.26993472992569556,69.96622832221672,ADXN
2023-01-24 00:00:00-05:00,0.8999999761581421,0.9380000233650208,0.8899999856948853,0.9300000071525574,136300,0,0,0.09799292091047751,0.6787003132363836,,0.16286898489983315,70.68966189228443,ADXN
2023-01-25 00:00:00-05:00,0.949999988079071,1.059999942779541,0.9300000071525574,1.0499999523162842,448000,0,0,0.31249992083758227,0.874999906867743,,0.5353287251293122,77.64758200793945,ADXN
2023-01-26 00:00:00-05:00,1.0429999828338623,1.090000033378601,1.0199999809265137,1.0399999618530273,222400,0,0,0.2530120274276164,0.7333332008785725,,0.2657524742606228,76.02788149128185,ADXN
2023-01-27 00:00:00-05:00,1.0800000429153442,1.1100000143051147,1.0299999713897705,1.059999942779541,305100,0,0,0.20866587674085335,0.7666665010982154,,0.36457320097534185,77.05860296651677,ADXN
2023-01-30 00:00:00-05:00,1.1100000143051147,1.1299999952316284,1.0199999809265137,1.0399999618530273,154400,0,0,0.13043472063789419,0.6507936027374994,,0.18449722133920937,73.64837988308169,ADXN
2023-01-31 00:00:00-05:00,1.0800000429153442,1.0800000429153442,1.0299999713897705,1.0700000524520874,92700,0,0,0.1505376819600006,0.6984127945250012,,0.11077002861492687,75.4065420237496,ADXN
2023-02-01 00:00:00-05:00,1.0800000429153442,1.2000000476837158,1.059999942779541,1.159999966621399,535000,0,0,0.1047619231433834,0.7058822859117324,,0.6392876516611206,79.76769382555791,ADXN
2023-02-02 00:00:00-05:00,1.2000000476837158,1.3799999952316284,1.2000000476837158,1.25,497200,0,0,0.20192312100935417,0.7361110421242565,,0.5941192904783349,83.01192024305679,ADXN
2023-02-03 00:00:00-05:00,1.2599999904632568,1.6799999475479126,1.2599999904632568,1.440000057220459,1342900,0,0,0.35849069335275474,0.9380889819566385,,1.6046717521789136,87.55044983899292,ADXN
2023-02-06 00:00:00-05:00,1.4299999475479126,1.4299999475479126,1.1399999856948853,1.2400000095367432,504000,0,0,0.19230774521122518,0.6666666399620773,,0.6022448157704762,67.19902201791102,ADXN
2023-02-07 00:00:00-05:00,1.25,1.340000033378601,1.2400000095367432,1.2999999523162842,103600,0,0,0.21495316690603228,0.857142820650217,,0.12379476768615344,69.49031019731635,ADXN
2023-02-08 00:00:00-05:00,1.2799999713897705,1.5800000429153442,1.1699999570846558,1.3600000143051147,433700,0,0,0.17241383917124886,0.7801047340989202,,0.518241223412015,71.62490657586015,ADXN
2023-02-09 00:00:00-05:00,1.409999966621399,1.600000023841858,1.3600000143051147,1.496000051498413,571300,0,0,0.1968000411987305,0.9057324860109421,,0.6826636175588751,75.7640464198384,ADXN
2023-02-10 00:00:00-05:00,1.5,1.5,1.3600000143051147,1.4600000381469727,124000,0,0,0.013888875091518038,0.7380953377742105,,0.14817134356257747,72.73929155093242,ADXN
2023-02-13 00:00:00-05:00,1.4199999570846558,1.4700000286102295,1.25,1.3600000143051147,222800,0,0,0.09677419664956521,0.563218398679435,,0.2662304463366311,64.97893401630796,ADXN
2023-02-14 00:00:00-05:00,1.3899999856948853,1.440000057220459,1.3300000429153442,1.3849999904632568,138000,0,0,0.06538464712673497,0.6351829820365535,,0.1649003662228685,65.95677346232482,ADXN
2023-02-15 00:00:00-05:00,1.409999966621399,1.5700000524520874,1.3799999952316284,1.5,179200,0,0,0.10294116486933835,0.8749999720603232,-0.7321428525812771,0.21413149005172488,70.09341577386425,ADXN
2023-02-16 00:00:00-05:00,1.5,2.0899999141693115,1.5,1.9199999570846558,2065981,0,0,0.2834223870256949,1.313253006856904,-0.658969819172851,2.468703068909334,79.76438070148224,ADXN
