Date,Open,High,Low,Close,Volume,Dividends,Stock Splits,weekly change,monthly change,yearly change,relative_vol,rsi,symbol,sma50,sma200
2022-02-22 00:00:00-05:00,0.699999988079071,0.7200000286102295,0.6700000166893005,0.699999988079071,2401500,0,0,,,,1.2172562050998994,,ASXC,,
2022-02-23 00:00:00-05:00,0.7099999785423279,0.7300000190734863,0.6700000166893005,0.6800000071525574,2360600,0,0,,,,1.196525087553122,,ASXC,,
2022-02-24 00:00:00-05:00,0.6399999856948853,0.7699999809265137,0.6299999952316284,0.7599999904632568,3536600,0,0,,,,1.7926080761841783,,ASXC,,
2022-02-25 00:00:00-05:00,0.7599999904632568,0.7699999809265137,0.7200000286102295,0.7599999904632568,2150600,0,0,,,,1.0900816967261477,,ASXC,,
2022-02-28 00:00:00-05:00,0.8199999928474426,0.8399999737739563,0.7699999809265137,0.7699999809265137,4276800,0,0,,,,2.1677956851847804,,ASXC,,
2022-03-01 00:00:00-05:00,0.7599999904632568,0.7799999713897705,0.699999988079071,0.699999988079071,2473900,0,0,0.0,,,1.253953831270723,,ASXC,,
2022-03-02 00:00:00-05:00,0.7200000286102295,0.7300000190734863,0.6399999856948853,0.6899999976158142,2586300,0,0,0.014705868173635617,,,1.3109263890276368,,ASXC,,
2022-03-03 00:00:00-05:00,0.6800000071525574,0.699999988079071,0.6200000047683716,0.6299999952316284,2969200,0,0,-0.17105262745120187,,,1.5050081716354866,,ASXC,,
2022-03-04 00:00:00-05:00,0.6200000047683716,0.6499999761581421,0.6200000047683716,0.6299999952316284,1636400,0,0,-0.17105262745120187,,,0.8294474511869562,,ASXC,,
2022-03-07 00:00:00-05:00,0.6399999856948853,0.6499999761581421,0.5899999737739563,0.6200000047683716,3381500,0,0,-0.1948051686672153,,,1.713992028959113,,ASXC,,
2022-03-08 00:00:00-05:00,0.6499999761581421,0.6600000262260437,0.5899999737739563,0.6200000047683716,3085800,0,0,-0.11428569239013009,,,1.56410959720894,,ASXC,,
2022-03-09 00:00:00-05:00,0.6100000143051147,0.6499999761581421,0.6100000143051147,0.6499999761581421,3279500,0,0,-0.057971045791138986,,,1.6622909534145827,,ASXC,,
2022-03-10 00:00:00-05:00,0.6499999761581421,0.6600000262260437,0.5899999737739563,0.6000000238418579,3093800,0,0,-0.04761900256640572,,,1.5681645835261582,,ASXC,,
2022-03-11 00:00:00-05:00,0.6100000143051147,0.6200000047683716,0.5600000023841858,0.5600000023841858,3298500,0,0,-0.111111100598828,,,1.6719215459179755,,ASXC,,
2022-03-14 00:00:00-04:00,0.5600000023841858,0.5799999833106995,0.5,0.5299999713897705,4753200,0,0,-0.14516134304260941,,,2.4092701203751163,29.268285945933926,ASXC,,
2022-03-15 00:00:00-04:00,0.5299999713897705,0.550000011920929,0.5299999713897705,0.5400000214576721,2770600,0,0,-0.12903223015391263,,,1.404343136310548,31.07861327067792,ASXC,,
2022-03-16 00:00:00-04:00,0.550000011920929,0.6000000238418579,0.5400000214576721,0.6000000238418579,4108900,0,0,-0.07692300638503313,,,2.082691659852166,40.85918042577394,ASXC,,
2022-03-17 00:00:00-04:00,0.6000000238418579,0.6600000262260437,0.5799999833106995,0.6299999952316284,4639900,0,0,0.04999995032946458,,,2.3518413766575152,45.05747495835317,ASXC,,
2022-03-18 00:00:00-04:00,0.6299999952316284,0.7400000095367432,0.6200000047683716,0.7099999785423279,20348400,0,0,0.26785709914200173,,,10.314060447160022,54.36149635744697,ASXC,,
2022-03-21 00:00:00-04:00,0.7099999785423279,0.7300000190734863,0.6600000262260437,0.6700000166893005,3070000,0,0,0.26415104312632454,,,1.5561009992324344,49.81883830907643,ASXC,,
2022-03-22 00:00:00-04:00,0.6700000166893005,0.7099999785423279,0.6700000166893005,0.6899999976158142,2393600,0,0,0.27777772258829403,-0.014285700905079524,,1.2132519061116465,51.97956302163055,ASXC,,
2022-03-23 00:00:00-04:00,0.6899999976158142,0.6899999976158142,0.6299999952316284,0.6299999952316284,2407700,0,0,0.04999995032946458,-0.0735294285220669,,1.2203988194957434,45.631646113534025,ASXC,,
2022-03-24 00:00:00-04:00,0.6399999856948853,0.6499999761581421,0.6399999856948853,0.6499999761581421,1431200,0,0,0.03174600171093722,-0.14473686274399078,,0.7254370521503127,47.915005283100776,ASXC,,
2022-03-25 00:00:00-04:00,0.6399999856948853,0.6499999761581421,0.6000000238418579,0.6000000238418579,1903500,0,0,-0.15492951834492508,-0.21052627451201833,,0.9648333068530746,43.04755797878615,ASXC,,
2022-03-28 00:00:00-04:00,0.6299999952316284,0.6399999856948853,0.5799999833106995,0.6100000143051147,1799500,0,0,-0.0895522401337635,-0.20779216959054547,,0.9121184847292396,44.26698807924797,ASXC,,
2022-03-29 00:00:00-04:00,0.6100000143051147,0.6299999952316284,0.6000000238418579,0.6200000047683716,1987400,0,0,-0.10144926534683552,-0.11428569239013009,,1.007359975854899,45.52313758058231,ASXC,,
2022-03-30 00:00:00-04:00,0.6399999856948853,0.699999988079071,0.6299999952316284,0.6299999952316284,2850900,0,0,0.0,-0.08695652549493671,,1.4450450614696244,46.81408958900763,ASXC,,
2022-03-31 00:00:00-04:00,0.6600000262260437,0.6600000262260437,0.5899999737739563,0.6299999952316284,3266800,0,0,-0.030769202554013275,0.0,,1.655853662635999,46.81408958900763,ASXC,,
2022-04-01 00:00:00-04:00,0.6299999952316284,0.6399999856948853,0.5899999737739563,0.6000000238418579,2147300,0,0,0.0,-0.04761900256640572,,1.0884090148702952,43.24828512756118,ASXC,,
2022-04-04 00:00:00-04:00,0.6299999952316284,0.6299999952316284,0.5899999737739563,0.6100000143051147,1474800,0,0,0.0,-0.016129016752173708,,0.7475367275791512,44.75874065047305,ASXC,,
2022-04-05 00:00:00-04:00,0.6200000047683716,0.6299999952316284,0.5799999833106995,0.5799999833106995,2047600,0,0,-0.06451616314521791,-0.06451616314521791,,1.037873747891965,41.214781141505505,ASXC,,
2022-04-06 00:00:00-04:00,0.5899999737739563,0.5899999737739563,0.5699999928474426,0.5899999737739563,1808500,0,0,-0.06349209803242228,-0.09230769936149663,,0.91668034433611,42.83946819295402,ASXC,,
2022-04-07 00:00:00-04:00,0.5899999737739563,0.5899999737739563,0.5699999928474426,0.5899999737739563,1058600,0,0,-0.06349209803242228,-0.016666749450892193,,0.5365760644258811,42.83946819295403,ASXC,,
2022-04-08 00:00:00-04:00,0.5799999833106995,0.5899999737739563,0.5400000214576721,0.5400000214576721,2152000,0,0,-0.09999999999999998,-0.035714251502436234,,1.0907913193316607,36.92211465426824,ASXC,,
2022-04-11 00:00:00-04:00,0.5400000214576721,0.5600000023841858,0.5199999809265137,0.550000011920929,1769500,0,0,-0.09836065733954968,0.03773592756753197,,0.8969122860396719,38.74451222607493,ASXC,,
2022-04-12 00:00:00-04:00,0.5400000214576721,0.550000011920929,0.5099999904632568,0.5299999713897705,1576000,0,0,-0.08620691958562443,-0.01851861050099135,,0.7988323044919597,36.47477983656708,ASXC,,
2022-04-13 00:00:00-04:00,0.5199999809265137,0.550000011920929,0.5199999809265137,0.550000011920929,1668200,0,0,-0.06779654852722472,-0.08333334989017849,,0.8455660217978981,40.244646262033264,ASXC,,
2022-04-14 00:00:00-04:00,0.5299999713897705,0.5400000214576721,0.5199999809265137,0.5299999713897705,1451400,0,0,-0.10169492381566325,-0.15873019777578168,,0.7356758926012884,37.827138084743424,ASXC,,
2022-04-18 00:00:00-04:00,0.5199999809265137,0.5299999713897705,0.5,0.5199999809265137,2822800,0,0,-0.03703711062301529,-0.26760563853240604,,1.430801922030396,36.64193802003398,ASXC,,
2022-04-19 00:00:00-04:00,0.5199999809265137,0.5400000214576721,0.5099999904632568,0.5199999809265137,1511500,0,0,-0.05454550971669481,-0.22388064481548586,,0.7661389773093891,36.64193802003398,ASXC,,
2022-04-20 00:00:00-04:00,0.5199999809265137,0.5799999833106995,0.5199999809265137,0.5400000214576721,2815100,0,0,0.01886802001456611,-0.21739127054556995,,1.4268989977000737,40.934556654670445,ASXC,,
2022-04-21 00:00:00-04:00,0.550000011920929,0.5600000023841858,0.5099999904632568,0.5099999904632568,3871600,0,0,-0.07272731016490008,-0.1904761994867189,,1.962410628217685,36.89642711867842,ASXC,,
2022-04-22 00:00:00-04:00,0.5199999809265137,0.5199999809265137,0.49000000953674316,0.5,2808900,0,0,-0.056603722658898126,-0.23076920255401323,,1.4237563833042297,35.63453054085269,ASXC,,
2022-04-25 00:00:00-04:00,0.5,0.5299999713897705,0.49000000953674316,0.5099999904632568,1884200,0,0,-0.01923075159625831,-0.15000004967053537,,0.955050652362786,37.92101747025118,ASXC,,
2022-04-26 00:00:00-04:00,0.5,0.5,0.44999998807907104,0.46000000834465027,3079300,0,0,-0.11538456688971033,-0.2459016433488742,,1.5608149208262003,31.832147884350203,ASXC,,
2022-04-27 00:00:00-04:00,0.46000000834465027,0.47999998927116394,0.4300000071525574,0.4300000071525574,2471400,0,0,-0.20370372210019827,-0.30645160670086946,,1.2526866480465924,28.839968797324172,ASXC,,
2022-04-28 00:00:00-04:00,0.4399999976158142,0.47999998927116394,0.4300000071525574,0.4699999988079071,3025100,0,0,-0.07843135765358711,-0.25396825021386715,,1.5333423885270479,37.30241231617502,ASXC,,
2022-04-29 00:00:00-04:00,0.4399999976158142,0.49000000953674316,0.4399999976158142,0.44999998807907104,2038500,0,0,-0.10000002384185791,-0.2857142992300783,,1.0332612009561295,35.057518340789386,ASXC,,
2022-05-02 00:00:00-04:00,0.44999998807907104,0.46000000834465027,0.41999998688697815,0.46000000834465027,2512600,0,0,-0.09803918245800214,-0.2333333498901784,,1.2735698275802654,37.09593501151123,ASXC,,
2022-05-03 00:00:00-04:00,0.44999998807907104,0.46000000834465027,0.4300000071525574,0.4399999976158142,2576200,0,0,-0.043478283404402185,-0.2786885454141458,,1.305806968802149,34.746876246296345,ASXC,0.5917999976873398,
2022-05-04 00:00:00-04:00,0.4399999976158142,0.4399999976158142,0.4099999964237213,0.4399999976158142,2671400,0,0,0.023255791388182345,-0.24137929262644275,,1.354061305977044,34.74687624629634,ASXC,0.5865999978780746,
2022-05-05 00:00:00-04:00,0.41999998688697815,0.44999998807907104,0.38999998569488525,0.38999998569488525,3654200,0,0,-0.17021279428921554,-0.3389830457106021,,1.852216375047284,29.356898452230514,ASXC,0.5807999974489212,
2022-05-06 00:00:00-04:00,0.4000000059604645,0.4099999964237213,0.3799999952316284,0.3799999952316284,5041200,0,0,-0.15555554378179826,-0.35593218284240824,,2.555249627794967,28.407775243927517,ASXC,0.5731999975442886,
2022-05-09 00:00:00-04:00,0.3700000047683716,0.3799999952316284,0.3499999940395355,0.3700000047683716,3161400,0,0,-0.19565217813832536,-0.31481483321130943,,1.6024292179066508,27.451967421172213,ASXC,0.565399997830391,
2022-05-10 00:00:00-04:00,0.3700000047683716,0.41999998688697815,0.36000001430511475,0.4000000059604645,4662300,0,0,-0.09090907243657698,-0.2727272776532763,,2.363195338345726,34.5649266669073,ASXC,0.55799999833107,
2022-05-11 00:00:00-04:00,0.38999998569488525,0.4099999964237213,0.36000001430511475,0.3700000047683716,4999000,0,0,-0.15909089369714746,-0.30188674577065666,,2.5338595749716415,31.263876043472433,ASXC,0.551399998664856,
2022-05-12 00:00:00-04:00,0.36000001430511475,0.4000000059604645,0.3499999940395355,0.3799999952316284,3876300,0,0,-0.025641002128344415,-0.3090909327357263,,1.9647929326790505,33.54225085173364,ASXC,0.5451999986171723,
2022-05-13 00:00:00-04:00,0.4000000059604645,0.41999998688697815,0.3799999952316284,0.38999998569488525,3842600,0,0,0.026315764707210976,-0.2641509306647245,,1.9477113028177695,35.83279128608926,ASXC,0.5403999984264374,
2022-05-16 00:00:00-04:00,0.4099999964237213,0.41999998688697815,0.38999998569488525,0.38999998569488525,1649100,0,0,0.054054001807470664,-0.25,,0.8358847419655399,35.83279128608926,ASXC,0.5355999982357025,
2022-05-17 00:00:00-04:00,0.4000000059604645,0.44999998807907104,0.38999998569488525,0.4300000071525574,3838900,0,0,0.0750000018626451,-0.17307687899064572,,1.9458358716460562,44.67821294473572,ASXC,0.5317999982833862,
2022-05-18 00:00:00-04:00,0.4300000071525574,0.4399999976158142,0.4099999964237213,0.4099999964237213,1763000,0,0,0.10810808416175743,-0.2407407775337299,,0.8936176096569322,41.59104727235748,ASXC,0.5275999981164933,
2022-05-19 00:00:00-04:00,0.4099999964237213,0.46000000834465027,0.4000000059604645,0.4099999964237213,4544900,0,0,0.07894737254879813,-0.19607842335193149,,2.303688414140551,41.59104727235747,ASXC,0.5227999985218048,
2022-05-20 00:00:00-04:00,0.41999998688697815,0.44999998807907104,0.4000000059604645,0.41999998688697815,1445000,0,0,0.07692308280124727,-0.1600000262260437,,0.7324319035475139,43.84124328691791,ASXC,0.5191999977827072,
2022-05-23 00:00:00-04:00,0.4300000071525574,0.4300000071525574,0.4000000059604645,0.41999998688697815,1269000,0,0,0.07692308280124727,-0.17647059854751657,,0.6432222045687164,43.84124328691791,ASXC,0.5163999974727631,
2022-05-24 00:00:00-04:00,0.4099999964237213,0.41999998688697815,0.3799999952316284,0.3799999952316284,1633000,0,0,-0.11627909555636295,-0.1739130688299524,,0.8277240820021385,37.193974990302245,ASXC,0.5133999979496002,
2022-05-25 00:00:00-04:00,0.3799999952316284,0.38999998569488525,0.3799999952316284,0.3799999952316284,1061100,0,0,-0.07317073525310203,-0.11627909555636295,,0.5378432476500118,37.193974990302245,ASXC,0.5101999974250794,
2022-05-26 00:00:00-04:00,0.3799999952316284,0.4099999964237213,0.3799999952316284,0.4000000059604645,976000,0,0,-0.024390220854836775,-0.14893615537231564,,0.49470833070060455,42.26976198939767,ASXC,0.5061999970674514,
2022-05-27 00:00:00-04:00,0.4000000059604645,0.41999998688697815,0.38999998569488525,0.4099999964237213,1163000,0,0,-0.023809501846360326,-0.08888887269997259,,0.5894936358655769,44.67722741658643,ASXC,0.5017999970912933,
2022-05-31 00:00:00-04:00,0.4300000071525574,0.44999998807907104,0.38999998569488525,0.38999998569488525,4429800,0,0,-0.07142857649699375,-0.15217395952157942,,2.2453472985015757,40.9950597432043,ASXC,0.49539999723434447,
2022-06-01 00:00:00-04:00,0.4099999964237213,0.4300000071525574,0.3700000047683716,0.3799999952316284,2980100,0,0,0.0,-0.13636364252114097,,1.5105330904926964,39.25307221648694,ASXC,0.48959999680519106,
2022-06-02 00:00:00-04:00,0.38999998569488525,0.4000000059604645,0.3799999952316284,0.4000000059604645,1466300,0,0,0.05263160784158716,-0.09090907243657698,,0.743228304617107,44.346620046121245,ASXC,0.48379999697208403,
2022-06-03 00:00:00-04:00,0.4000000059604645,0.4099999964237213,0.3799999952316284,0.4099999964237213,1251200,0,0,0.024999975785613415,0.05128208067290285,,0.6341998600129062,46.75078001129933,ASXC,0.4793999969959259,
2022-06-06 00:00:00-04:00,0.4000000059604645,0.4300000071525574,0.38999998569488525,0.38999998569488525,2465800,0,0,-0.04878051439826525,0.026315764707210976,,1.2498481576245397,42.77118879820716,ASXC,0.4741999971866608,
2022-06-07 00:00:00-04:00,0.38999998569488525,0.44999998807907104,0.38999998569488525,0.4399999976158142,4731800,0,0,0.12820516347415012,0.18918916741977942,,2.398423031976558,53.4414212206848,ASXC,0.4709999966621399,
2022-06-08 00:00:00-04:00,0.46000000834465027,0.49000000953674316,0.4300000071525574,0.47999998927116394,2440600,0,0,0.2631578823536056,0.19999995529651704,,1.2370749507253027,59.885169832338114,ASXC,0.4683999961614609,
2022-06-09 00:00:00-04:00,0.47999998927116394,0.5,0.44999998807907104,0.47999998927116394,2153400,0,0,0.19999995529651704,0.29729725158153664,,1.091500941937174,59.885169832338114,ASXC,0.46559999585151673,
2022-06-10 00:00:00-04:00,0.4699999988079071,0.4699999988079071,0.41999998688697815,0.41999998688697815,1911000,0,0,0.024390220854836775,0.10526313725600911,,0.9686348565254664,48.26458071451994,ASXC,0.4613999956846237,
2022-06-13 00:00:00-04:00,0.4099999964237213,0.4099999964237213,0.38999998569488525,0.4000000059604645,2109000,0,0,0.025641078544558438,0.025641078544558438,,1.0689957678766138,45.12150100035548,ASXC,0.45679999589920045,
2022-06-14 00:00:00-04:00,0.4099999964237213,0.4099999964237213,0.3700000047683716,0.3799999952316284,2248800,0,0,-0.13636364252114097,-0.025641002128344415,,1.1398566537699995,42.1644511882132,ASXC,0.4523999953269959,
2022-06-15 00:00:00-04:00,0.3700000047683716,0.4000000059604645,0.3700000047683716,0.38999998569488525,2269900,0,0,-0.1875000116415324,-0.0930233041681805,,1.1505516801816622,44.13579671605471,ASXC,0.44799999475479124,
2022-06-16 00:00:00-04:00,0.3799999952316284,0.38999998569488525,0.3499999940395355,0.3799999952316284,3723400,0,0,-0.20833332557231166,-0.07317073525310203,,1.8872920066912202,42.57305435886085,ASXC,0.44399999499320986,
2022-06-17 00:00:00-04:00,0.3700000047683716,0.4099999964237213,0.3700000047683716,0.3700000047683716,6769800,0,0,-0.11904758018971451,-0.0975609561079388,,3.431430796287861,41.00931762189338,ASXC,0.43959999561309815,
2022-06-21 00:00:00-04:00,0.3799999952316284,0.38999998569488525,0.3700000047683716,0.3799999952316284,4327900,0,0,-0.05000002607703169,-0.09523807834335418,,2.1936969102860107,43.25396952168343,ASXC,0.4353999960422516,
2022-06-22 00:00:00-04:00,0.3799999952316284,0.4399999976158142,0.3799999952316284,0.4399999976158142,4499200,0,0,0.15789474509759627,0.04761907465063331,,2.2805243048034427,54.452612875260975,ASXC,0.4333999955654144,
2022-06-23 00:00:00-04:00,0.4399999976158142,0.4399999976158142,0.4099999964237213,0.4300000071525574,2016600,0,0,0.1025641613458057,0.1315789803903853,,1.022160675912745,52.58981981567226,ASXC,0.43099999547004697,
2022-06-24 00:00:00-04:00,0.44999998807907104,0.46000000834465027,0.4000000059604645,0.41999998688697815,29304300,0,0,0.10526313725600911,0.10526313725600911,,14.853566941956686,50.72119819584666,ASXC,0.42879999577999117,
2022-06-27 00:00:00-04:00,0.41999998688697815,0.41999998688697815,0.38999998569488525,0.4099999964237213,2557700,0,0,0.10810808416175743,0.024999975785613415,,1.2964298129435823,48.851875341237175,ASXC,0.425999995470047,
2022-06-28 00:00:00-04:00,0.4399999976158142,0.4699999988079071,0.4099999964237213,0.4099999964237213,2697600,0,0,0.07894737254879813,0.0,,1.3673413861659331,48.85187534123719,ASXC,0.423599995970726,
2022-06-29 00:00:00-04:00,0.4099999964237213,0.41999998688697815,0.38999998569488525,0.41999998688697815,1936400,0,0,-0.045454570084564105,0.07692308280124727,,0.9815094380826338,50.948480469298815,ASXC,0.4215999960899353,
2022-06-30 00:00:00-04:00,0.4099999964237213,0.41999998688697815,0.38999998569488525,0.4000000059604645,1448900,0,0,-0.0697674434722727,0.05263160784158716,,0.7344087093771577,46.81525583796591,ASXC,0.4191999965906143,
2022-07-01 00:00:00-04:00,0.38999998569488525,0.4099999964237213,0.3799999952316284,0.3799999952316284,1892500,0,0,-0.09523807834335418,-0.05000002607703169,,0.9592577006668996,43.05381094932118,ASXC,0.41599999606609345,
2022-07-05 00:00:00-04:00,0.38999998569488525,0.4099999964237213,0.3799999952316284,0.38999998569488525,1759500,0,0,-0.04878051439826525,-0.04878051439826525,,0.8918435531431492,45.4153330134984,ASXC,0.413599995970726,
2022-07-06 00:00:00-04:00,0.4000000059604645,0.41999998688697815,0.38999998569488525,0.4099999964237213,1671800,0,0,0.0,0.05128208067290285,,0.8473907656406462,49.89100604399271,ASXC,0.41179999589920047,
2022-07-07 00:00:00-04:00,0.4099999964237213,0.4399999976158142,0.4099999964237213,0.4300000071525574,1618000,0,0,0.023809572804273094,-0.02272725117600638,,0.8201209826573547,53.95673551404469,ASXC,0.4101999962329865,
2022-07-08 00:00:00-04:00,0.4300000071525574,0.44999998807907104,0.41999998688697815,0.44999998807907104,890100,0,0,0.12499995343387194,-0.0625000038805108,,0.4511679151194755,57.65665280647071,ASXC,0.4099999958276749,
2022-07-11 00:00:00-04:00,0.44999998807907104,0.47999998927116394,0.41999998688697815,0.4399999976158142,1136500,0,0,0.15789474509759627,-0.08333331781129005,,0.5760614936897921,55.26535555620412,ASXC,0.41019999563694,
2022-07-12 00:00:00-04:00,0.44999998807907104,0.46000000834465027,0.4300000071525574,0.4399999976158142,699900,0,0,0.12820516347415012,0.04761907465063331,,0.3547606154276159,55.26535555620411,ASXC,0.4095999956130981,
2022-07-13 00:00:00-04:00,0.41999998688697815,0.49000000953674316,0.41999998688697815,0.4699999988079071,1366300,0,0,0.14634147050620405,0.17499997951090362,,0.6925409756518811,60.90664217592726,ASXC,0.4099999958276749,
2022-07-14 00:00:00-04:00,0.44999998807907104,0.47999998927116394,0.4399999976158142,0.46000000834465027,797000,0,0,0.0697674434722726,0.21052635293918343,,0.4039780118528502,58.268890417689676,ASXC,0.4099999958276749,
2022-07-15 00:00:00-04:00,0.4699999988079071,0.47999998927116394,0.4399999976158142,0.46000000834465027,1061900,0,0,0.022222267845531718,0.17948724414705297,,0.5382487462817336,58.268890417689676,ASXC,0.4103999960422516,
2022-07-18 00:00:00-04:00,0.44999998807907104,0.47999998927116394,0.44999998807907104,0.44999998807907104,862900,0,0,0.02272725117600638,0.18421050980480724,,0.4373809616409341,55.48217021907638,ASXC,0.41059999585151674,
2022-07-19 00:00:00-04:00,0.46000000834465027,0.5299999713897705,0.46000000834465027,0.49000000953674316,2144900,0,0,0.11363639134513459,0.3243243330320882,,1.0871925189751297,63.08686191910146,ASXC,0.41259999632835387,
2022-07-20 00:00:00-04:00,0.5,0.5299999713897705,0.49000000953674316,0.5199999809265137,1546500,0,0,0.10638294094771261,0.3684210196096147,,0.7838795424472181,67.56236725843743,ASXC,0.4153999960422516,
2022-07-21 00:00:00-04:00,0.5299999713897705,0.5400000214576721,0.5099999904632568,0.5400000214576721,1399900,0,0,0.1739130688299524,0.22727278269026918,,0.7095719181841971,70.15987290045275,ASXC,0.4187999963760376,
2022-07-22 00:00:00-04:00,0.5400000214576721,0.5400000214576721,0.49000000953674316,0.49000000953674316,1441800,0,0,0.06521739271277505,0.1395348869445454,,0.7308099090206267,57.71666184459908,ASXC,0.4205999964475632,
2022-07-25 00:00:00-04:00,0.5099999904632568,0.5099999904632568,0.4699999988079071,0.47999998927116394,503200,0,0,0.06666667108182556,0.1428571529939875,,0.2550586393530166,55.59302884363323,ASXC,0.42279999613761904,
2022-07-26 00:00:00-04:00,0.47999998927116394,0.49000000953674316,0.44999998807907104,0.44999998807907104,1000000,0,0,-0.08163269526359607,0.09756095610793869,,0.5068732896522588,49.686628696501835,ASXC,0.42419999599456787,
2022-07-27 00:00:00-04:00,0.44999998807907104,0.46000000834465027,0.4399999976158142,0.46000000834465027,1260900,0,0,-0.11538456688971033,0.12195124965136728,,0.6391165309225331,51.53502386587739,ASXC,0.4255999964475632,
2022-07-28 00:00:00-04:00,0.44999998807907104,0.46000000834465027,0.4300000071525574,0.44999998807907104,687800,0,0,-0.1666667218561504,0.07142857649699375,,0.3486274486228236,49.573708206941305,ASXC,0.4267999964952469,
2022-07-29 00:00:00-04:00,0.44999998807907104,0.4699999988079071,0.4399999976158142,0.4399999976158142,723000,0,0,-0.10204083866896263,0.09999997764825852,,0.36646938841858306,47.62190871126624,ASXC,0.426999996304512,
2022-08-01 00:00:00-04:00,0.44999998807907104,0.4699999988079071,0.41999998688697815,0.44999998807907104,1222600,0,0,-0.0625000038805108,0.18421050980480724,,0.6197032839288515,49.752419008266415,ASXC,0.42779999613761904,
2022-08-02 00:00:00-04:00,0.44999998807907104,0.49000000953674316,0.4399999976158142,0.47999998927116394,915100,0,0,0.06666667108182556,0.2307692484037418,,0.463839747360782,55.58867186956484,ASXC,0.4291999959945679,
2022-08-03 00:00:00-04:00,0.47999998927116394,0.550000011920929,0.4699999988079071,0.5,2561000,0,0,0.08695650202114802,0.2195122057593062,,1.2981024947994346,59.00706200572833,ASXC,0.4307999962568283,
2022-08-04 00:00:00-04:00,0.5400000214576721,0.550000011920929,0.5199999809265137,0.550000011920929,1519800,0,0,0.22222228109100883,0.2790697738890908,,0.7703460256135028,66.04380174863796,ASXC,0.43339999675750734,
2022-08-05 00:00:00-04:00,0.5400000214576721,0.5699999928474426,0.5099999904632568,0.5600000023841858,1295200,0,0,0.27272728504228194,0.24444448270915564,,0.6565022847576055,67.2544793414681,ASXC,0.43699999690055846,
2022-08-08 00:00:00-04:00,0.5799999833106995,0.6000000238418579,0.5600000023841858,0.5600000023841858,1748400,0,0,0.24444448270915564,0.27272728504228194,,0.8862172596280092,67.2544793414681,ASXC,0.44059999704360964,
2022-08-09 00:00:00-04:00,0.550000011920929,0.7900000214576721,0.550000011920929,0.550000011920929,7893600,0,0,0.1458333837799739,0.25000003386627556,,4.00105499919907,64.58391421533776,ASXC,0.4435999971628189,
2022-08-10 00:00:00-04:00,0.6000000238418579,0.6600000262260437,0.5799999833106995,0.6600000262260437,3057700,0,0,0.3200000524520874,0.40425537851073745,,1.5498664577697117,75.91384531550784,ASXC,0.44859999775886533,
2022-08-11 00:00:00-04:00,0.6600000262260437,0.7200000286102295,0.6499999761581421,0.6700000166893005,2621900,0,0,0.21818182212262105,0.456521748989426,,1.3289710781392572,76.64530833341296,ASXC,0.4541999983787537,
2022-08-12 00:00:00-04:00,0.6700000166893005,0.699999988079071,0.6600000262260437,0.6800000071525574,1119500,0,0,0.2142857218883476,0.47826085829779896,,0.5674446477657037,77.38492653213748,ASXC,0.46019999861717226,
2022-08-15 00:00:00-04:00,0.6899999976158142,0.7099999785423279,0.6800000071525574,0.7099999785423279,1244500,0,0,0.26785709914200173,0.5777777718908992,,0.630803808972236,79.48401946776865,ASXC,0.4663999980688095,
2022-08-16 00:00:00-04:00,0.75,0.75,0.7099999785423279,0.7300000190734863,3180100,0,0,0.3272727331839316,0.4897959282973168,,1.611907748423148,80.76576911798772,ASXC,0.4727999985218048,
2022-08-17 00:00:00-04:00,0.7200000286102295,0.7200000286102295,0.6600000262260437,0.6899999976158142,1729800,0,0,0.045454500299513256,0.32692312100935417,,0.8767894164404771,71.18668998634729,ASXC,0.4787999987602234,
2022-08-18 00:00:00-04:00,0.6800000071525574,0.6899999976158142,0.6399999856948853,0.6700000166893005,1058200,0,0,0.0,0.24074072234424615,,0.5363733151100202,66.91338889193874,ASXC,0.4833999991416931,
2022-08-19 00:00:00-04:00,0.6600000262260437,0.6600000262260437,0.5799999833106995,0.5899999737739563,2598700,0,0,-0.13235298887049818,0.20408155569579534,,1.3172116178193247,53.16540177790486,ASXC,0.485599998831749,
2022-08-22 00:00:00-04:00,0.5699999928474426,0.5899999737739563,0.5600000023841858,0.5699999928474426,1268300,0,0,-0.19718308440278198,0.1875000116415324,,0.6428673932659598,50.37865988529329,ASXC,0.4873999989032745,
2022-08-23 00:00:00-04:00,0.5699999928474426,0.5899999737739563,0.5600000023841858,0.5699999928474426,912800,0,0,-0.21917811239116847,0.26666668432730267,,0.4626739387945818,50.37865988529329,ASXC,0.4903999990224838,
2022-08-24 00:00:00-04:00,0.5699999928474426,0.5899999737739563,0.5600000023841858,0.5699999928474426,1050500,0,0,-0.1739130509898733,0.2391303967550713,,0.5324703907796978,50.37865988529329,ASXC,0.4937999987602234,
2022-08-25 00:00:00-04:00,0.5600000023841858,0.6399999856948853,0.5600000023841858,0.6299999952316284,1883900,0,0,-0.0597015230765604,0.400000026490954,,0.9548985903758903,58.52448637721685,ASXC,0.4987999987602234,
2022-08-26 00:00:00-04:00,0.6299999952316284,0.6399999856948853,0.5600000023841858,0.5799999833106995,1462000,0,0,-0.016949137131806236,0.3181817873942949,,0.7410487494716023,51.00960468659478,ASXC,0.5025999987125397,
2022-08-29 00:00:00-04:00,0.5699999928474426,0.6000000238418579,0.5699999928474426,0.5899999737739563,687400,0,0,0.03508768627628123,0.3111110875635965,,0.3484246993069627,52.32804850589762,ASXC,0.5067999982833862,
2022-08-30 00:00:00-04:00,0.6100000143051147,0.6200000047683716,0.5400000214576721,0.5400000214576721,1170700,0,0,-0.05263152941442195,0.12500006984919465,,0.5933965601958994,45.70485148105268,ASXC,0.5101999986171722,
2022-08-31 00:00:00-04:00,0.5400000214576721,0.5600000023841858,0.5400000214576721,0.5400000214576721,548300,0,0,-0.05263152941442195,0.08000004291534424,,0.2779186247163335,45.70485148105268,ASXC,0.5133999991416931,
2022-09-01 00:00:00-04:00,0.5299999713897705,0.5400000214576721,0.47999998927116394,0.5299999713897705,1065000,0,0,-0.15873019777578168,-0.03636370926848953,,0.5398200534796556,44.40129246183447,ASXC,0.5151999986171723,
2022-09-02 00:00:00-04:00,0.5199999809265137,0.5299999713897705,0.5,0.5199999809265137,754700,0,0,-0.10344828294942288,-0.07142860944173757,,0.3825372717005597,43.078147254463964,ASXC,0.5169999980926514,
2022-09-06 00:00:00-04:00,0.5199999809265137,0.5299999713897705,0.49000000953674316,0.5099999904632568,889300,0,0,-0.1355931980792756,-0.08928573519295568,,0.4507624164877537,41.73867047128432,ASXC,0.518799998164177,
2022-09-07 00:00:00-04:00,0.49000000953674316,0.5600000023841858,0.49000000953674316,0.5299999713897705,1272100,0,0,-0.01851861050099135,-0.03636370926848953,,0.6447935117666383,45.395630787324365,ASXC,0.5211999976634979,
2022-09-08 00:00:00-04:00,0.5600000023841858,0.5899999737739563,0.5299999713897705,0.5400000214576721,1476400,0,0,0.0,-0.18181818181818177,,0.7483477248425948,47.180838026388116,ASXC,0.523799998164177,
2022-09-09 00:00:00-04:00,0.5600000023841858,0.5899999737739563,0.5600000023841858,0.5899999737739563,1504300,0,0,0.11320755777939628,-0.1194030461531208,,0.7624894896238928,55.08730497671348,ASXC,0.5271999979019165,
2022-09-12 00:00:00-04:00,0.6000000238418579,0.6000000238418579,0.5699999928474426,0.5699999928474426,473500,0,0,0.09615387260561259,-0.16176472521776952,,0.2400045026503445,51.75036030405995,ASXC,0.530599997639656,
2022-09-13 00:00:00-04:00,0.5699999928474426,0.5699999928474426,0.5299999713897705,0.5600000023841858,1054700,0,0,0.09803924089392946,-0.2112675784386655,,0.5345992585962374,50.11570564199745,ASXC,0.5341999977827072,
2022-09-14 00:00:00-04:00,0.550000011920929,0.5699999928474426,0.5199999809265137,0.5400000214576721,669600,0,0,0.01886802001456611,-0.2602739625362772,,0.33940235475115244,46.923315166916765,ASXC,0.537199998497963,
2022-09-15 00:00:00-04:00,0.5400000214576721,0.5600000023841858,0.5199999809265137,0.550000011920929,784200,0,0,0.01851850012202405,-0.20289853069367103,,0.39749003374530134,48.68348275002299,ASXC,0.5399999988079071,
2022-09-16 00:00:00-04:00,0.5299999713897705,0.6000000238418579,0.5,0.5699999928474426,1373000,0,0,-0.03389827426361236,-0.1492537632103239,,0.6959370266925513,52.10453202343237,ASXC,0.5427999985218048,
2022-09-19 00:00:00-04:00,0.5600000023841858,0.5699999928474426,0.5199999809265137,0.5299999713897705,670000,0,0,-0.07017547712211625,-0.10169492381566325,,0.3396051040670134,45.56233716871135,ASXC,0.5443999981880188,
2022-09-20 00:00:00-04:00,0.5199999809265137,0.5299999713897705,0.5099999904632568,0.5199999809265137,390000,0,0,-0.07142860944173757,-0.08771932026025686,,0.1976805829643809,44.07249700718146,ASXC,0.5459999978542328,
2022-09-21 00:00:00-04:00,0.5199999809265137,0.5299999713897705,0.5,0.5099999904632568,524900,0,0,-0.05555561074503923,-0.10526316339839759,,0.2660577897384706,42.5733100848712,ASXC,0.5473999977111816,
2022-09-22 00:00:00-04:00,0.5,0.5099999904632568,0.44999998807907104,0.46000000834465027,1437500,0,0,-0.1636363665919658,-0.19298243137387772,,0.728630353875122,35.98255629215426,ASXC,0.5471999979019165,
2022-09-23 00:00:00-04:00,0.46000000834465027,0.5,0.4300000071525574,0.44999998807907104,934500,0,0,-0.21052632679679506,-0.2857142992300783,,0.4736730891800358,34.82148037995592,ASXC,0.5469999974966049,
2022-09-26 00:00:00-04:00,0.49000000953674316,0.5,0.4000000059604645,0.41999998688697815,1263600,0,0,-0.20754715177502647,-0.2758620707373557,,0.6404850888045942,31.534071492884742,ASXC,0.5461999970674515,
2022-09-27 00:00:00-04:00,0.41999998688697815,0.44999998807907104,0.41999998688697815,0.41999998688697815,506800,0,0,-0.1923076878990646,-0.2881355838027705,,0.25688338319576476,31.534071492884742,ASXC,0.5455999970436096,
2022-09-28 00:00:00-04:00,0.41999998688697815,0.49000000953674316,0.41999998688697815,0.4399999976158142,1288700,0,0,-0.1372548905027593,-0.18518522197817433,,0.6532076083748658,36.191671471591185,ASXC,0.544599996805191,
2022-09-29 00:00:00-04:00,0.4399999976158142,0.49000000953674316,0.41999998688697815,0.46000000834465027,1124200,0,0,0.0,-0.1481481665446427,,0.5698269522270692,40.54723567321477,ASXC,0.5433999973535538,
2022-09-30 00:00:00-04:00,0.46000000834465027,0.46000000834465027,0.44999998807907104,0.44999998807907104,629300,0,0,0.0,-0.15094337288532833,,0.31897536117816644,39.109737545437746,ASXC,0.5415999966859818,
2022-10-03 00:00:00-04:00,0.44999998807907104,0.44999998807907104,0.4300000071525574,0.44999998807907104,665200,0,0,0.07142857649699375,-0.1346153757981291,,0.33717211227668253,39.10973754543775,ASXC,0.5407999962568283,
2022-10-04 00:00:00-04:00,0.46000000834465027,0.49000000953674316,0.46000000834465027,0.46000000834465027,438600,0,0,0.09523814930126684,-0.09803918245800214,,0.22231462484148068,41.514454408024115,ASXC,0.5403999966382981,
2022-10-05 00:00:00-04:00,0.44999998807907104,0.47999998927116394,0.41999998688697815,0.4300000071525574,657800,0,0,-0.02272725117600638,-0.18867918799126038,,0.3334212499332558,36.81693283480227,ASXC,0.5399999970197678,
2022-10-06 00:00:00-04:00,0.44999998807907104,0.46000000834465027,0.4300000071525574,0.4399999976158142,287800,0,0,-0.043478283404402185,-0.18518522197817433,,0.14587813276192008,39.28320654519494,ASXC,0.539599996805191,
2022-10-07 00:00:00-04:00,0.44999998807907104,0.46000000834465027,0.4099999964237213,0.4099999964237213,1138600,0,0,-0.08888887269997259,-0.3050847209345766,,0.5771259275980618,34.88401022276214,ASXC,0.538799996972084,
2022-10-10 00:00:00-04:00,0.4000000059604645,0.4099999964237213,0.3799999952316284,0.4099999964237213,1194900,0,0,-0.08888887269997259,-0.2807017516341346,,0.605662893805484,34.88401022276214,ASXC,0.5381999969482422,
2022-10-11 00:00:00-04:00,0.4000000059604645,0.4300000071525574,0.3799999952316284,0.4000000059604645,967700,0,0,-0.13043478542555031,-0.2857142781116525,,0.4905012823964908,33.43645762102794,ASXC,0.5371999973058701,
2022-10-12 00:00:00-04:00,0.4000000059604645,0.41999998688697815,0.38999998569488525,0.4099999964237213,753000,0,0,-0.04651165208409025,-0.2407407775337299,,0.38167558710815086,36.28381761792729,ASXC,0.5357999974489212,
2022-10-13 00:00:00-04:00,0.4000000059604645,0.4300000071525574,0.38999998569488525,0.4099999964237213,587400,0,0,-0.06818182126057049,-0.25454547720507104,,0.2977373703417368,36.28381761792729,ASXC,0.5339999973773957,
2022-10-14 00:00:00-04:00,0.41999998688697815,0.46000000834465027,0.4000000059604645,0.4099999964237213,1175200,0,0,0.0,-0.2807017516341346,,0.5956774899993345,36.28381761792729,ASXC,0.5311999970674515,
2022-10-17 00:00:00-04:00,0.4399999976158142,0.4699999988079071,0.41999998688697815,0.4399999976158142,700400,0,0,0.07317073525310214,-0.1698112804382943,,0.355014052072442,45.08555293357054,ASXC,0.528799996972084,
2022-10-18 00:00:00-04:00,0.4699999988079071,0.47999998927116394,0.4399999976158142,0.4399999976158142,844200,0,0,0.09999997764825852,-0.1538461273943874,,0.4279024311244368,45.08555293357055,ASXC,0.5263999968767166,
2022-10-19 00:00:00-04:00,0.44999998807907104,0.44999998807907104,0.4099999964237213,0.41999998688697815,698900,0,0,0.024390220854836775,-0.17647059854751657,,0.3542537421379636,40.734817670466704,ASXC,0.5237999963760376,
2022-10-20 00:00:00-04:00,0.4099999964237213,0.4399999976158142,0.4000000059604645,0.41999998688697815,890800,0,0,0.024390220854836775,-0.08695656680880426,,0.4515227264222321,40.734817670466704,ASXC,0.5189999955892562,
2022-10-21 00:00:00-04:00,0.4099999964237213,0.46000000834465027,0.4000000059604645,0.46000000834465027,893700,0,0,0.12195124965136728,0.022222267845531718,,0.4529926589622236,51.57413655280001,ASXC,0.5147999954223633,
2022-10-24 00:00:00-04:00,0.44999998807907104,0.4699999988079071,0.4399999976158142,0.46000000834465027,774000,0,0,0.045454570084564105,0.09523814930126684,,0.39231992619084827,51.57413655280001,ASXC,0.5103999954462052,
2022-10-25 00:00:00-04:00,0.46000000834465027,0.4699999988079071,0.4399999976158142,0.4699999988079071,882600,0,0,0.06818182126057049,0.11904765114762705,,0.4473663654470836,54.01277971214091,ASXC,0.5055999958515167,
2022-10-26 00:00:00-04:00,0.46000000834465027,0.47999998927116394,0.44999998807907104,0.4699999988079071,501400,0,0,0.11904765114762705,0.06818182126057049,,0.25414626743164254,54.012779712140926,ASXC,0.5003999954462052,
2022-10-27 00:00:00-04:00,0.4699999988079071,0.47999998927116394,0.46000000834465027,0.46000000834465027,471600,0,0,0.09523814930126684,0.0,,0.23904144340000522,51.032305046973455,ASXC,0.49579999566078187,
2022-10-28 00:00:00-04:00,0.46000000834465027,0.46000000834465027,0.4099999964237213,0.4300000071525574,951300,0,0,-0.06521739271277516,-0.04444440323629384,,0.48218856044619374,43.310958107481326,ASXC,0.490999995470047,
2022-10-31 00:00:00-04:00,0.4300000071525574,0.4399999976158142,0.4099999964237213,0.41999998688697815,640400,0,0,-0.08695656680880426,-0.06666667108182567,,0.3246016546933065,41.079750556555744,ASXC,0.48759999573230745,
2022-11-01 00:00:00-04:00,0.41999998688697815,0.4300000071525574,0.4099999964237213,0.41999998688697815,645800,0,0,-0.10638300435690928,-0.08695656680880426,,0.3273387704574287,41.079750556555744,ASXC,0.48459999561309813,
2022-11-02 00:00:00-04:00,0.4099999964237213,0.4300000071525574,0.4099999964237213,0.41999998688697815,720400,0,0,-0.10638300435690928,-0.023255860695907793,,0.3651515178654872,41.079750556555744,ASXC,0.4815999954938889,
2022-11-03 00:00:00-04:00,0.41999998688697815,0.4300000071525574,0.4000000059604645,0.4099999964237213,642000,0,0,-0.10869567611717734,-0.06818182126057049,,0.3254126519567501,38.596380098940905,ASXC,0.4783999955654144,
2022-11-04 00:00:00-04:00,0.4099999964237213,0.41999998688697815,0.4000000059604645,0.4099999964237213,580000,0,0,-0.04651165208409025,0.0,,0.29398650799831005,38.596380098940905,ASXC,0.47399999558925626,
2022-11-07 00:00:00-05:00,0.4099999964237213,0.4300000071525574,0.4099999964237213,0.4099999964237213,400600,0,0,-0.023809501846360326,0.0,,0.20305343983469484,38.596380098940905,ASXC,0.47059999585151674,
2022-11-08 00:00:00-05:00,0.4300000071525574,0.4300000071525574,0.4099999964237213,0.4099999964237213,1177900,0,0,-0.023809501846360326,0.024999975785613415,,0.5970460478813956,38.59638009894091,ASXC,0.466999996304512,
2022-11-09 00:00:00-05:00,0.4099999964237213,0.41999998688697815,0.4000000059604645,0.4099999964237213,1088200,0,0,-0.023809501846360326,0.0,,0.551579513799588,38.596380098940905,ASXC,0.464399995803833,
2022-11-10 00:00:00-05:00,0.4300000071525574,0.4399999976158142,0.4099999964237213,0.4300000071525574,856600,0,0,0.04878051439826536,0.04878051439826536,,0.43418765991612485,47.74751076799925,ASXC,0.4621999955177307,
2022-11-11 00:00:00-05:00,0.4099999964237213,0.46000000834465027,0.4099999964237213,0.44999998807907104,1322900,0,0,0.09756095610793869,0.09756095610793869,,0.6705426748809731,54.974011834462054,ASXC,0.46059999585151673,
2022-11-14 00:00:00-05:00,0.4399999976158142,0.46000000834465027,0.4399999976158142,0.46000000834465027,746500,0,0,0.12195124965136728,0.045454570084564105,,0.37838091072541113,58.094670900940834,ASXC,0.45939999639987944,
2022-11-15 00:00:00-05:00,0.46000000834465027,0.49000000953674316,0.44999998807907104,0.4699999988079071,922100,0,0,0.14634147050620405,0.06818182126057049,,0.4673878603883478,61.005207559359945,ASXC,0.45859999656677247,
2022-11-16 00:00:00-05:00,0.4699999988079071,0.4699999988079071,0.4399999976158142,0.4399999976158142,754500,0,0,0.07317073525310214,0.04761907465063331,,0.3824358970426292,49.824839604628686,ASXC,0.4567999970912933,
2022-11-17 00:00:00-05:00,0.44999998807907104,0.44999998807907104,0.4300000071525574,0.4300000071525574,546700,0,0,0.0,0.023809572804273094,,0.27710762745288986,46.74926030963149,ASXC,0.45459999680519103,
2022-11-18 00:00:00-05:00,0.41999998688697815,0.44999998807907104,0.41999998688697815,0.4300000071525574,571000,0,0,-0.04444440323629384,-0.06521739271277516,,0.2894246483914397,46.74926030963149,ASXC,0.45139999747276305,
2022-11-21 00:00:00-05:00,0.41999998688697815,0.4399999976158142,0.41999998688697815,0.41999998688697815,494500,0,0,-0.08695656680880426,-0.08695656680880426,,0.25064884173304197,43.62607453890339,ASXC,0.4483999973535538,
2022-11-22 00:00:00-05:00,0.41999998688697815,0.4300000071525574,0.41999998688697815,0.41999998688697815,381800,0,0,-0.10638300435690928,-0.10638300435690928,,0.1935242219892324,43.62607453890339,ASXC,0.44559999704360964,
2022-11-23 00:00:00-05:00,0.4300000071525574,0.4300000071525574,0.41999998688697815,0.41999998688697815,494000,0,0,-0.045454570084564105,-0.10638300435690928,,0.25039540508821584,43.62607453890338,ASXC,0.44319999635219576,
2022-11-25 00:00:00-05:00,0.41999998688697815,0.41999998688697815,0.4099999964237213,0.41999998688697815,367200,0,0,-0.023255860695907793,-0.08695656680880426,,0.1861238719603094,43.62607453890339,ASXC,0.4405999958515167,
2022-11-28 00:00:00-05:00,0.41999998688697815,0.4300000071525574,0.4099999964237213,0.4099999964237213,781600,0,0,-0.04651165208409025,-0.04651165208409025,,0.39617216319220544,40.02910779021621,ASXC,0.4373999959230423,
2022-11-29 00:00:00-05:00,0.4099999964237213,0.41999998688697815,0.4000000059604645,0.4000000059604645,534700,0,0,-0.04761900369272076,-0.04761900369272076,,0.27102514797706273,36.76468902115421,ASXC,0.4347999966144562,
2022-11-30 00:00:00-05:00,0.4000000059604645,0.41999998688697815,0.4000000059604645,0.4099999964237213,813700,0,0,-0.023809501846360326,-0.023809501846360326,,0.41244279579004295,41.86992177340021,ASXC,0.4325999969244003,
2022-12-01 00:00:00-05:00,0.4000000059604645,0.41999998688697815,0.4000000059604645,0.4099999964237213,369700,0,0,-0.023809501846360326,-0.023809501846360326,,0.18739105518444005,41.86992177340021,ASXC,0.43059999704360963,
2022-12-02 00:00:00-05:00,0.4000000059604645,0.41999998688697815,0.4000000059604645,0.4099999964237213,349400,0,0,-0.023809501846360326,0.0,,0.17710152740449922,41.869921773400215,ASXC,0.42959999680519106,
2022-12-05 00:00:00-05:00,0.4099999964237213,0.41999998688697815,0.4000000059604645,0.4099999964237213,946300,0,0,0.0,0.0,,0.47965419399793247,41.86992177340022,ASXC,0.42879999697208404,
2022-12-06 00:00:00-05:00,0.4000000059604645,0.41999998688697815,0.4000000059604645,0.4000000059604645,747200,0,0,0.0,-0.024390220854836775,,0.37873572202816774,37.76858581907096,ASXC,0.4283999973535538,0.49419999703764916
2022-12-07 00:00:00-05:00,0.4000000059604645,0.4000000059604645,0.3799999952316284,0.38999998569488525,590500,0,0,-0.04878051439826525,-0.04878051439826525,,0.2993086775396588,34.16458168108394,ASXC,0.4277999973297119,0.4926499970257282
2022-12-08 00:00:00-05:00,0.38999998569488525,0.4099999964237213,0.3799999952316284,0.38999998569488525,596300,0,0,-0.04878051439826525,-0.04878051439826525,,0.3022485426196419,34.164581681083945,ASXC,0.42679999709129335,0.49119999691843985
2022-12-09 00:00:00-05:00,0.4000000059604645,0.4099999964237213,0.38999998569488525,0.4000000059604645,721500,0,0,-0.024390220854836775,-0.0697674434722727,,0.36570907848410467,40.72450976772914,ASXC,0.4255999970436096,0.4893999969959259
2022-12-12 00:00:00-05:00,0.4000000059604645,0.4000000059604645,0.3799999952316284,0.3799999952316284,553400,0,0,-0.07317073525310203,-0.15555554378179826,,0.28050367849356,33.52882887836523,ASXC,0.4241999971866608,0.48749999701976776
2022-12-13 00:00:00-05:00,0.3799999952316284,0.4000000059604645,0.3799999952316284,0.38999998569488525,476700,0,0,-0.025000050291418274,-0.15217395952157942,,0.24162649717723175,39.303578483034514,ASXC,0.42299999713897707,0.4855999970436096
2022-12-14 00:00:00-05:00,0.38999998569488525,0.38999998569488525,0.3799999952316284,0.38999998569488525,495800,0,0,0.0,-0.17021279428921554,,0.2513077770095899,39.303578483034514,ASXC,0.42159999668598175,0.4840499970316887
2022-12-15 00:00:00-05:00,0.3799999952316284,0.3799999952316284,0.3700000047683716,0.3700000047683716,571200,0,0,-0.05128200425668883,-0.15909089369714746,,0.2895260230493702,32.71178701908302,ASXC,0.420399996638298,0.48244999706745145
2022-12-16 00:00:00-05:00,0.3700000047683716,0.3700000047683716,0.3499999940395355,0.36000001430511475,1115600,0,0,-0.09999997764825852,-0.16279067833272787,,0.5654678419360598,30.0023370297532,ASXC,0.41879999697208403,0.4810999971628189
2022-12-19 00:00:00-05:00,0.3499999940395355,0.36000001430511475,0.3400000035762787,0.3499999940395355,1472300,0,0,-0.07894737254879813,-0.18604653902863555,,0.7462695443550206,27.545307001955532,ASXC,0.4175999969244003,0.47969999715685846
2022-12-20 00:00:00-05:00,0.3499999940395355,0.3499999940395355,0.3400000035762787,0.3400000035762787,737000,0,0,-0.12820508705793598,-0.19047615668670825,,0.3735656144737147,25.312865539248623,ASXC,0.4161999970674515,0.478299997150898
2022-12-21 00:00:00-05:00,0.3400000035762787,0.3499999940395355,0.3400000035762787,0.3400000035762787,1150700,0,0,-0.12820508705793598,-0.19047615668670825,,0.5832590944028542,25.31286553924862,ASXC,0.41499999701976775,0.4768999971449375
2022-12-22 00:00:00-05:00,0.33000001311302185,0.3400000035762787,0.3100000023841858,0.3100000023841858,1000500,0,0,-0.1621621665160441,-0.261904733183702,,0.5071267262970849,19.74508085244615,ASXC,0.41299999713897706,0.4751999972760677
2022-12-23 00:00:00-05:00,0.3199999928474426,0.3199999928474426,0.30000001192092896,0.3100000023841858,1434600,0,0,-0.13888891648363078,-0.261904733183702,,0.7271604213351304,19.745080852446147,ASXC,0.41099999725818637,0.47374999716877936
2022-12-27 00:00:00-05:00,0.3100000023841858,0.3199999928474426,0.2800000011920929,0.30000001192092896,2026400,0,0,-0.14285709420028914,-0.26829264746897963,,1.0271280341513371,18.197673456397624,ASXC,0.4087999975681305,0.4724499972164631
2022-12-28 00:00:00-05:00,0.3100000023841858,0.3199999928474426,0.28999999165534973,0.28999999165534973,927800,0,0,-0.1470588570441338,-0.2750000316649671,,0.47027703813936567,16.78136149684459,ASXC,0.4057999974489212,0.471249997317791
2022-12-29 00:00:00-05:00,0.28999999165534973,0.33000001311302185,0.2800000011920929,0.3199999928474426,1612300,0,0,-0.05882356034843117,-0.21951220575930608,,0.8172318049063367,33.50211862898813,ASXC,0.40339999735355375,0.4701499971747398
2022-12-30 00:00:00-05:00,0.3100000023841858,0.36000001430511475,0.30000001192092896,0.3499999940395355,1488400,0,0,0.12903223015391263,-0.14634147050620405,,0.7544302043184219,45.331391181007575,ASXC,0.4019999974966049,0.4688999970257282
2023-01-03 00:00:00-05:00,0.3499999940395355,0.38999998569488525,0.3499999940395355,0.36000001430511475,973600,0,0,0.16129035979478323,-0.12195117696277546,,0.4934918348054391,48.61286487447354,ASXC,0.40079999804496763,0.4675499971210957
2023-01-04 00:00:00-05:00,0.3799999952316284,0.4300000071525574,0.36000001430511475,0.3799999952316284,1082900,0,0,0.26666660043928614,-0.07317073525310203,,0.548893085364431,54.49582055688869,ASXC,0.3991999977827072,0.46589999720454217
2023-01-05 00:00:00-05:00,0.4000000059604645,0.46000000834465027,0.4000000059604645,0.44999998807907104,2056000,0,0,0.5517241414747114,0.12499995343387194,,1.042131483525044,68.21253644911339,ASXC,0.3989999973773956,0.464799997061491
2023-01-06 00:00:00-05:00,0.44999998807907104,0.4699999988079071,0.4399999976158142,0.4699999988079071,794400,0,0,0.4687500291038311,0.20512824627539739,,0.40266014129975436,70.91059068220399,ASXC,0.3989999973773956,0.46369999706745146
2023-01-09 00:00:00-05:00,0.4699999988079071,0.4699999988079071,0.44999998807907104,0.44999998807907104,1126000,0,0,0.2857142735500724,0.15384616560249453,,0.5707393241484433,64.9717202682677,ASXC,0.3985999971628189,0.46279999703168867
2023-01-10 00:00:00-05:00,0.44999998807907104,0.46000000834465027,0.4300000071525574,0.46000000834465027,610800,0,0,0.27777775018303585,0.1500000037252902,,0.30959820531959964,66.48322764342134,ASXC,0.3985999971628189,0.4618499971926212
2023-01-11 00:00:00-05:00,0.46000000834465027,0.46000000834465027,0.44999998807907104,0.46000000834465027,679100,0,0,0.21052635293918343,0.21052635293918343,,0.3442176510028489,66.48322764342134,ASXC,0.39919999718666077,0.4611499971151352
2023-01-12 00:00:00-05:00,0.46000000834465027,0.49000000953674316,0.4399999976158142,0.49000000953674316,1198800,0,0,0.0888889389273575,0.25641032694830024,,0.6076396996351278,70.85839514964006,ASXC,0.4005999976396561,0.46054999709129335
2023-01-13 00:00:00-05:00,0.49000000953674316,0.6100000143051147,0.47999998927116394,0.6000000238418579,3542900,0,0,0.27659579864612494,0.5384616560249447,,1.7958013779089876,80.77036073538085,ASXC,0.40419999837875364,0.46044999718666074
2023-01-17 00:00:00-05:00,0.6299999952316284,0.7400000095367432,0.6299999952316284,0.6899999976158142,4991300,0,0,0.5333333686546053,0.8648648343876912,,2.529956650641319,85.20450756019005,ASXC,0.4095999985933304,0.4607499971985817
2023-01-18 00:00:00-05:00,0.7099999785423279,0.7300000190734863,0.6100000143051147,0.6200000047683716,3151700,0,0,0.34782607287224865,0.7222221670327384,,1.597512546997024,71.41180851186866,ASXC,0.4137999987602234,0.4606999972462654
2023-01-19 00:00:00-05:00,0.6299999952316284,0.6899999976158142,0.6299999952316284,0.6800000071525574,1701600,0,0,0.47826085829779896,0.9428571963796819,,0.8624955896722835,75.1282774633389,ASXC,0.4191999989748001,0.4610999971628189
2023-01-20 00:00:00-05:00,0.6800000071525574,0.699999988079071,0.6499999761581421,0.6700000166893005,1074400,0,0,0.36734694622298747,0.9705882636527285,,0.5445846624023868,73.41525468530034,ASXC,0.4243999993801117,0.46139999717473984
2023-01-23 00:00:00-05:00,0.6700000166893005,0.7200000286102295,0.6700000166893005,0.6800000071525574,1690600,0,0,0.13333330021964307,1.0,,0.8569199834861086,74.05240442498626,ASXC,0.4297999995946884,0.46189999729394915
2023-01-24 00:00:00-05:00,0.7099999785423279,0.7200000286102295,0.6800000071525574,0.699999988079071,585800,0,0,0.014492739851898806,1.2580644603078253,,0.29692637307829317,75.3260884130702,ASXC,0.4355999994277954,0.4624499973654747
2023-01-25 00:00:00-05:00,0.699999988079071,0.699999988079071,0.6899999976158142,0.6899999976158142,795800,0,0,0.11290321340173892,1.2258064268034778,,0.4033697639052675,73.38638751692577,ASXC,0.44079999923706054,0.462949997484684
2023-01-26 00:00:00-05:00,0.699999988079071,0.8500000238418579,0.6899999976158142,0.8399999737739563,5411800,0,0,0.23529406608594794,1.7999998013178589,,2.743096868940094,81.20472385171217,ASXC,0.44859999895095826,0.4644499972462654
2023-01-27 00:00:00-05:00,0.8399999737739563,0.8700000047683716,0.7799999713897705,0.8299999833106995,2240800,0,0,0.23880591438193322,1.86206899032298,,1.1358016674527813,79.52738690877631,ASXC,0.4559999984502792,0.4658499971032143
2023-01-30 00:00:00-05:00,0.800000011920929,0.8700000047683716,0.800000011920929,0.8199999928474426,1298600,0,0,0.20588232973867648,1.5625000349245974,,0.6582256539424233,77.79683110133287,ASXC,0.46299999833107,0.46729999721050264
2023-01-31 00:00:00-05:00,0.8199999928474426,0.8399999737739563,0.7900000214576721,0.800000011920929,1068800,0,0,0.14285717934978304,1.285714358699566,,0.5417461719803341,74.3138330011929,ASXC,0.47019999861717227,0.4685499972105026
2023-02-01 00:00:00-05:00,0.8100000023841858,0.8199999928474426,0.699999988079071,0.7400000095367432,2137800,0,0,0.0724637856430379,1.0555555003660717,,1.0835937186185987,64.92314806212062,ASXC,0.47639999866485594,0.4695999974012375
2023-02-02 00:00:00-05:00,0.7599999904632568,0.7900000214576721,0.7300000190734863,0.7599999904632568,1490900,0,0,-0.09523807834335418,1.0,,0.7556973875425526,66.44525292912546,ASXC,0.48299999833106994,0.4707999974489212
2023-02-03 00:00:00-05:00,0.7400000095367432,0.7900000214576721,0.7400000095367432,0.75,729800,0,0,-0.09638552399916434,0.6666667108182565,,0.36991612678821845,64.9281614877635,ASXC,0.48959999859333037,0.4719499975442886
2023-02-06 00:00:00-05:00,0.6000000238418579,0.699999988079071,0.550000011920929,0.6899999976158142,3753000,0,0,-0.15853658093362244,0.4680851050338468,,1.902295456064927,56.580732550918945,ASXC,0.4949999988079071,0.47269999742507934
2023-02-07 00:00:00-05:00,0.6800000071525574,0.75,0.6800000071525574,0.75,1101900,0,0,-0.0625000139698384,0.6666667108182565,,0.558523677867824,61.86118892309529,ASXC,0.5015999990701675,0.47389999747276307
2023-02-08 00:00:00-05:00,0.7400000095367432,0.800000011920929,0.6800000071525574,0.6899999976158142,1146800,0,0,-0.06756758280615438,0.49999996760617194,,0.5812822885732103,54.69743570368666,ASXC,0.5069999992847443,0.4748499974608421
2023-02-09 00:00:00-05:00,0.7200000286102295,0.75,0.6899999976158142,0.7099999785423279,823200,0,0,-0.06578949019519265,0.5434781862229179,,0.4172580920417394,56.50552327785838,ASXC,0.5129999989271163,0.4758499974012375
2023-02-10 00:00:00-05:00,0.7300000190734863,0.75,0.6899999976158142,0.75,807200,0,0,0.0,0.5306122151080499,,0.4091481194073033,59.948475921850616,ASXC,0.5199999988079071,0.4772999973595142
2023-02-13 00:00:00-05:00,0.75,0.75,0.7099999785423279,0.7200000286102295,568500,0,0,0.04347830593924007,0.19999999999999996,,0.2881574651673091,56.345966920917675,ASXC,0.5261999994516373,0.4787499974668026
2023-02-14 00:00:00-05:00,0.75,0.8399999737739563,0.7400000095367432,0.800000011920929,3463700,0,0,0.06666668256123853,0.1594203111379744,,1.7556570133685288,62.770831823805906,ASXC,0.5339999997615814,0.48039999753236773
2023-02-15 00:00:00-05:00,0.8100000023841858,0.8500000238418579,0.7799999713897705,0.8199999928474426,2003000,0,0,0.18840579084177222,0.3225806234530433,,1.0152671991734743,64.1897939861924,ASXC,0.5421999996900558,0.48224999755620956
2023-02-16 00:00:00-05:00,0.8199999928474426,1.0499999523162842,0.8199999928474426,1.0,9450000,0,0,0.40845074679165405,0.47058821982578447,,4.789952587213845,73.85000668019237,ASXC,0.5539999997615814,0.4849499975144863
2023-02-17 00:00:00-05:00,1.0099999904632568,1.0299999713897705,0.8999999761581421,0.9700000286102295,3028700,0,0,0.2933333714803059,0.4477612006688174,,1.5351671323697962,70.43942336788183,ASXC,0.5654000002145767,0.4875999976694584
2023-02-21 00:00:00-05:00,0.9800000190734863,1.1799999475479126,0.9800000190734863,1.059999942779541,3145493,0,0,0.472222084248513,0.5588234288675986,0.5142856583303326,1.5943663844881524,74.27737385469226,ASXC,0.5787999993562698,0.49069999739527703
