timestamp,open,high,low,close,volume,trade_count,vwap,weekly change,monthly change,yearly change,relative_vol,rsi,symbol
2022-02-16 05:00:00+00:00,56.43,58.5672,56.27,58.23,317170,3967,58.000268,,,,1.279815311001554,,CWT
2022-02-17 05:00:00+00:00,58.03,58.78,57.63,58.42,159143,3412,58.416321,,,,0.6421592459523925,,CWT
2022-02-18 05:00:00+00:00,58.16,59.5962,58.115,58.78,208232,3918,58.732684,,,,0.8402386790695072,,CWT
2022-02-22 05:00:00+00:00,58.55,59.76,58.28,59.05,177969,4324,59.114181,,,,0.7181241954902279,,CWT
2022-02-23 05:00:00+00:00,59.29,59.378,57.44,57.53,187371,3662,57.806196,,,,0.756062284067447,,CWT
2022-02-24 05:00:00+00:00,55.0,57.19,52.813,56.86,416077,6521,56.384684,-0.023527391379014162,,,1.678915771212894,,CWT
2022-02-25 05:00:00+00:00,56.88,57.68,55.71,55.97,289532,6504,56.173378,-0.04193769257103741,,,1.1682929868048741,,CWT
2022-02-28 05:00:00+00:00,56.12,57.66,56.12,56.93,358124,5457,56.98487,-0.03147329023477374,,,1.445069137803451,,CWT
2022-03-01 05:00:00+00:00,57.34,58.2,55.98,56.42,206185,4386,56.628884,-0.04453852667231151,,,0.8319788123052477,,CWT
2022-03-02 05:00:00+00:00,56.9,57.51,56.56,56.9,190360,4350,56.966983,-0.010950808273944124,,,0.7681232228844337,,CWT
2022-03-03 05:00:00+00:00,57.14,57.87,56.78,57.01,210118,3690,57.125305,0.0026380583890257547,,,0.8478488933916339,,CWT
2022-03-04 05:00:00+00:00,57.05,58.69,56.31,58.63,338308,5087,58.108803,0.0475254600678936,,,1.3651094310127494,,CWT
2022-03-07 05:00:00+00:00,59.36,60.07,58.17,59.83,230622,5968,59.40641,0.05093975057087641,,,0.9305847547176606,,CWT
2022-03-08 05:00:00+00:00,59.65,59.92,57.75,58.44,267504,4628,58.571108,0.03580290677064868,,,1.0794076203744354,,CWT
2022-03-09 05:00:00+00:00,58.51,58.8,58.14,58.33,246938,4023,58.390028,0.025131810193321558,,,0.9964215823315627,50.48638132295721,CWT
2022-03-10 05:00:00+00:00,57.83,58.08,56.43,57.6,150018,4112,57.27743,0.010349061568146078,,,0.6053388823843086,46.89976365911305,CWT
2022-03-11 05:00:00+00:00,57.38,57.85,56.2,56.68,165376,4886,56.688733,-0.033259423503326,,,0.6673100762121039,42.775420629114855,CWT
2022-03-14 04:00:00+00:00,56.78,57.4117,56.6,57.04,167243,3818,56.961489,-0.04663212435233155,,,0.6748436234758423,44.820277857962964,CWT
2022-03-15 04:00:00+00:00,57.66,57.84,57.0,57.61,221014,4396,57.523353,-0.014202600958247769,,,0.8918154338231783,47.98933332745829,CWT
2022-03-16 04:00:00+00:00,57.78,58.25,57.21,57.86,204331,5027,57.770482,-0.008057603291616644,,,0.8244977214498803,49.362959272683085,CWT
2022-03-17 04:00:00+00:00,57.63,58.67,57.63,58.14,132801,3383,58.218401,0.009374999999999911,-0.0015455950540957941,,0.5358664221594646,50.92620906298091,CWT
2022-03-18 04:00:00+00:00,58.57,58.57,57.515,58.49,450735,4158,58.396781,0.031933662667607665,0.001198219787744037,,1.818764555929897,52.88424610234749,CWT
2022-03-21 04:00:00+00:00,58.73,59.08,57.89,58.32,100055,2642,58.310306,0.02244039270687237,-0.007825791085403266,,0.4037327645813302,51.80307996115009,CWT
2022-03-22 04:00:00+00:00,58.39,58.46,57.405,57.65,187885,3301,57.713424,0.0006943239021002245,-0.023708721422523227,,0.7581363297522684,47.66695112584275,CWT
2022-03-23 04:00:00+00:00,57.9,58.14,57.001,57.38,174843,3962,57.564476,-0.00829588662288272,-0.002607335303320024,,0.7055104468311779,46.070573117937904,CWT
2022-03-24 04:00:00+00:00,57.69,58.87,57.495,58.3,286195,4594,58.40235,0.002751977984176035,0.0253253605346464,,1.15482783028688,51.97278155964145,CWT
2022-03-25 04:00:00+00:00,58.38,59.1,57.8,58.26,230962,4175,58.282244,-0.003932296118994816,0.04091477577273528,,0.9319566915519781,51.70780850214835,CWT
2022-03-28 04:00:00+00:00,58.16,59.29,58.07,58.8,423605,8523,58.765809,0.008230452674897082,0.032847356402599726,,1.7092920667680211,55.04028973306555,CWT
2022-03-29 04:00:00+00:00,59.18,60.04,59.04,59.81,281432,5788,59.738774,0.037467476149176226,0.060085076214108524,,1.1356086092814244,60.52690242113927,CWT
2022-03-30 04:00:00+00:00,59.92,60.44,59.48,59.98,478341,11006,59.94156,0.04531195538515154,0.05413005272407734,,1.9301577566598176,61.38116657153099,CWT
2022-03-31 04:00:00+00:00,59.88,60.5499,59.15,59.28,292989,3867,59.469395,0.01680960548885091,0.03981757586388368,,1.1822423563232156,56.00636809264172,CWT
2022-04-01 04:00:00+00:00,59.53,61.75,59.485,61.72,485470,6233,61.265843,0.05938894610367318,0.05270339416680869,,1.9589240439887896,66.88978975575776,CWT
2022-04-04 04:00:00+00:00,61.3,61.3,58.59,59.15,290512,6006,59.110705,0.005952380952380931,-0.01136553568443921,,1.172247392974378,52.232743543480055,CWT
2022-04-05 04:00:00+00:00,59.25,59.81,58.62,58.66,253652,4119,58.900748,-0.019227553920749152,0.0037645448323067043,,1.0235132997010001,49.98387441340332,CWT
2022-04-06 04:00:00+00:00,58.56,59.2423,58.2,59.01,180719,3834,58.907222,-0.016172057352450753,0.011657809017658227,,0.7292207434148559,51.58725885816463,CWT
2022-04-07 04:00:00+00:00,58.91,59.2,58.4,58.87,285006,4596,58.878882,-0.006916329284750389,0.022048611111111116,,1.1500300864751045,50.88457744464616,CWT
2022-04-08 04:00:00+00:00,59.1,59.64,58.62,58.69,218474,3745,58.96159,-0.04909267660401817,0.035462244177840496,,0.8815662586491583,49.94265149238388,CWT
2022-04-11 04:00:00+00:00,58.81,59.51,57.68,57.83,205059,3285,57.980616,-0.022316145393068476,0.01384992987377287,,0.8274352803186545,45.59953357849169,CWT
2022-04-12 04:00:00+00:00,57.9,58.77,57.7302,58.14,246819,3695,58.180015,-0.008864643709512343,0.009199791702829474,,0.9959414044395516,47.37601900884777,CWT
2022-04-13 04:00:00+00:00,58.32,58.39,57.19,57.4,153373,4011,57.506737,-0.027283511269276417,-0.00795022468026274,,0.6188766708523548,43.706884864272894,CWT
2022-04-14 04:00:00+00:00,57.62,57.73,55.69,55.72,157022,4148,56.321537,-0.053507728894173545,-0.04162366701066389,,0.6336007811712521,36.74852098657749,CWT
2022-04-18 04:00:00+00:00,55.73,56.28,54.2,54.68,227802,5386,54.962539,-0.06832509797239728,-0.0651393400581296,,0.9192057492094965,33.222401349671486,CWT
2022-04-19 04:00:00+00:00,55.0,55.77,54.751,54.99,221502,4943,55.124163,-0.04910945875842987,-0.057098765432098686,,0.8937845666912577,35.21778321767394,CWT
2022-04-20 04:00:00+00:00,55.67,56.95,55.67,56.15,255986,7303,56.347646,-0.03422772617819059,-0.02601908065915004,,1.032931242557757,42.180096555413556,CWT
2022-04-21 04:00:00+00:00,56.2,56.534,54.86,55.05,209337,3963,55.344838,-0.0409407665505227,-0.040606483095155244,,0.8446974737810395,38.00853834894179,CWT
2022-04-22 04:00:00+00:00,55.04,55.99,54.48,55.49,401356,6963,55.524544,-0.004127781765972616,-0.04819897084048019,,1.619514941395276,40.54161606239802,CWT
2022-04-25 04:00:00+00:00,55.53,55.79,53.73,54.6,423606,6957,54.577845,-0.001463057790782707,-0.06282183316168888,,1.7092961018763575,37.227956774220736,CWT
2022-04-26 04:00:00+00:00,54.26,55.03,53.95,54.06,282201,5362,54.30499,-0.016912165848336103,-0.08061224489795915,,1.1387116075919839,35.34053751290694,CWT
2022-04-27 04:00:00+00:00,53.58,54.16,51.88,52.22,344337,7466,52.595538,-0.06999109528049863,-0.1269018558769437,,1.3894370991718703,29.79707018481298,CWT
2022-04-28 04:00:00+00:00,52.38,53.6,51.615,53.32,336814,6035,53.076088,-0.03142597638510436,-0.11103701233744578,,1.3590809791584242,36.23640062092736,CWT
2022-04-29 04:00:00+00:00,52.62,52.99,51.65,51.87,1506356,10802,51.957868,-0.06523697963597053,-0.1250000000000001,,6.078309652927632,32.06164314662645,CWT
2022-05-02 04:00:00+00:00,51.78,52.2,50.515,51.04,435127,9691,51.331071,-0.06520146520146519,-0.1730395333765392,,1.7557845850180445,29.935614328782833,CWT
2022-05-03 04:00:00+00:00,51.28,52.33,50.55,51.5,457762,9788,51.585087,-0.047354790972993,-0.1293322062552832,,1.847119262208574,32.60301503763577,CWT
2022-05-04 04:00:00+00:00,51.19,52.0,50.68,51.85,266232,5705,51.543577,-0.007085407889697359,-0.11609273781111484,,1.074274962570753,34.641866017109365,CWT
2022-05-05 04:00:00+00:00,51.5,51.9724,50.0,50.67,209014,5009,50.65633,-0.049699924981245314,-0.14133197763091,,0.8433941337884377,31.213507471711523,CWT
2022-05-06 04:00:00+00:00,50.25,50.68,49.92,50.54,268143,5587,50.420561,-0.02564102564102566,-0.14149821640903681,,1.0819860546012854,30.851261213047536,CWT
2022-05-09 04:00:00+00:00,50.35,51.1,49.9,50.69,237613,5410,50.539774,-0.00685736677115989,-0.1363094223888226,,0.9587941970962331,31.834275836363236,CWT
2022-05-10 04:00:00+00:00,50.83,51.36,49.84,50.6,261403,7152,50.551706,-0.01747572815533982,-0.12502161507867882,,1.0547894244151061,31.544517765615677,CWT
2022-05-11 04:00:00+00:00,50.32,51.325,50.25,50.33,251585,6230,50.613505,-0.029315332690453277,-0.13433092535259716,,1.015172730770016,30.64339616472901,CWT
2022-05-12 04:00:00+00:00,50.5,52.19,50.295,52.09,395508,9023,51.548875,0.028024472074205775,-0.09250871080139367,,1.5959176278450125,42.22865127430398,CWT
2022-05-13 04:00:00+00:00,52.52,53.1,52.24,53.04,271181,7168,52.846137,0.04946576968737637,-0.04809763101220388,,1.0942447137267473,47.34170328677436,CWT
2022-05-16 04:00:00+00:00,52.96,53.85,52.88,53.04,326224,7333,53.17274,0.046360228841980655,-0.029992684711046103,,1.3163491818777657,47.341703286774354,CWT
2022-05-17 04:00:00+00:00,53.15,53.45,52.46,53.22,294085,6139,53.063138,0.05177865612648214,-0.03218767048554283,,1.186664835059722,48.3462901375127,CWT
2022-05-18 04:00:00+00:00,53.62,55.1,52.97,53.25,329375,7234,53.651811,0.05801708722431953,-0.05164737310774703,,1.3290638082452213,48.52255716467902,CWT
2022-05-19 04:00:00+00:00,53.27,54.51,52.8,54.4,469554,9857,53.995175,0.04434632367057012,-0.01180744777475018,,1.8947012597093789,54.878940996344994,CWT
2022-05-20 04:00:00+00:00,54.68,54.88,52.64,53.88,219643,5667,53.627606,0.015837104072398356,-0.029014236799423276,,0.8862833002942092,51.76629034852108,CWT
2022-05-23 04:00:00+00:00,54.31,55.01,53.73,53.98,159729,3864,54.033071,0.017722473604826483,-0.011355311355311426,,0.6445238194374223,52.32628642004254,CWT
2022-05-24 04:00:00+00:00,54.03,54.45,52.93,54.31,182878,4643,53.932044,0.020481022172115892,0.004624491305956324,,0.7379325423127729,54.21537615997054,CWT
2022-05-25 04:00:00+00:00,54.28,54.61,53.925,54.06,152482,4287,54.155819,0.015211267605633738,0.03523554193795486,,0.6152813893247753,52.51756668067035,CWT
2022-05-26 04:00:00+00:00,54.56,54.56,53.05,53.29,202208,4500,53.463342,-0.020404411764705865,-0.0005626406601650924,,0.8159311864520674,47.575740816066116,CWT
2022-05-27 04:00:00+00:00,53.18,54.11,53.18,53.73,174502,3459,53.793717,-0.0027839643652561863,0.03585887796414111,,0.7041344748885241,50.44529464206051,CWT
2022-05-31 04:00:00+00:00,53.01,53.69,52.14,53.67,305396,5347,53.342281,-0.005742867728788403,0.05152821316614431,,1.2323059454508012,50.04303269490106,CWT
2022-06-01 04:00:00+00:00,53.82,54.24,53.59,53.9,235736,5280,53.954379,-0.007549254280979634,0.046601941747572706,,0.9512202987491325,51.63516540279406,CWT
2022-06-02 04:00:00+00:00,53.75,55.43,53.05,55.21,237835,6707,54.760527,0.021272660007399136,0.06480231436837025,,0.9596899911468758,59.54372259648157,CWT
2022-06-03 04:00:00+00:00,55.11,55.5,54.83,54.96,155774,5379,55.10278,0.03133796209420159,0.08466548253404382,,0.628564965967639,57.607738541501995,CWT
2022-06-06 04:00:00+00:00,55.55,55.55,54.75,54.97,196006,6552,55.098053,0.02307835473664621,0.08765334388603097,,0.790905444550779,57.66702960099758,CWT
2022-06-07 04:00:00+00:00,54.76,55.33,54.2,55.23,245294,6038,54.953855,0.029066517607601927,0.08956401657131585,,0.9897878642268033,59.2623807944894,CWT
2022-06-08 04:00:00+00:00,55.19,55.405,53.87,54.15,124095,4270,54.353438,0.004638218923933124,0.07015810276679835,,0.5007367689842603,50.713045636359034,CWT
2022-06-09 04:00:00+00:00,54.14,54.71,53.555,53.88,280530,6252,54.062074,-0.024089838797319296,0.07053447248162148,,1.1319689415621463,48.81699898807545,CWT
2022-06-10 04:00:00+00:00,53.6,54.56,52.81,54.04,207193,6532,53.853022,-0.016739446870451258,0.03743520829333846,,0.8360462015081659,50.009765401004444,CWT
2022-06-13 04:00:00+00:00,53.42,53.8253,50.76,50.97,340606,8478,51.783387,-0.0727669637984355,-0.03902714932126694,,1.3743821099694022,33.75524914713712,CWT
2022-06-14 04:00:00+00:00,50.9,50.9,48.46,49.19,228193,5933,49.069042,-0.10936085460800293,-0.07258672699849178,,0.9207834765689618,28.06043079127935,CWT
2022-06-15 04:00:00+00:00,49.55,50.458,48.84,49.68,235037,5857,49.634168,-0.08254847645429364,-0.06651634723788047,,0.9483997580221089,31.48709615234184,CWT
2022-06-16 04:00:00+00:00,48.98,49.41,48.54,48.76,294352,7435,48.881256,-0.09502598366740911,-0.08431924882629116,,1.187742208985495,28.720926932632967,CWT
2022-06-17 04:00:00+00:00,49.19,50.085,49.0,49.83,636397,8866,49.714688,-0.07790525536639525,-0.08400735294117645,,2.56793083985073,35.7865838047936,CWT
2022-06-21 04:00:00+00:00,49.78,49.98,49.03,49.3,190639,4978,49.467995,-0.032764371198744424,-0.08500371195248713,,0.7692490181102414,33.98932816401295,CWT
2022-06-22 04:00:00+00:00,48.94,51.11,48.94,50.56,170669,4168,50.52101,0.027851189266111076,-0.06335679881437561,,0.6886679046357607,41.50990723641854,CWT
2022-06-23 04:00:00+00:00,50.55,53.0931,50.55,53.06,153542,5170,52.383584,0.06803542673107899,-0.023016019149327938,,0.6195586041611774,52.96105139192119,CWT
2022-06-24 04:00:00+00:00,53.33,54.04,52.92,53.89,478466,5065,53.835123,0.10520918785890077,-0.0031446540880503138,,1.9306621452018462,56.03830816634754,CWT
2022-06-27 04:00:00+00:00,54.15,54.52,53.63,54.24,151497,4596,54.179827,0.08850090307043956,0.017826984424845316,,0.6113068076135902,57.30666328054116,CWT
2022-06-28 04:00:00+00:00,54.48,54.99,53.71,53.83,170208,4311,54.159663,0.09188640973630835,0.0018611576400522356,,0.6868077196927594,55.2941169396904,CWT
2022-06-29 04:00:00+00:00,53.75,54.66,53.29,54.35,163077,4604,54.181435,0.07496044303797467,0.012670020495621381,,0.6580333621471148,57.34038204853139,CWT
2022-06-30 04:00:00+00:00,54.07,55.74,54.02,55.55,279289,5375,55.313453,0.0469280060309083,0.030612244897959107,,1.126961372116887,61.69738840630528,CWT
2022-07-01 04:00:00+00:00,55.37,57.06,55.37,57.0,284333,5044,56.702758,0.05771015030617921,0.032421662742256885,,1.1473144585648227,66.190812461797,CWT
2022-07-05 04:00:00+00:00,56.4,56.73,54.2,55.86,361620,7731,55.522224,0.02986725663716805,0.01637554585152845,,1.4591758765469054,60.210263130721344,CWT
2022-07-06 04:00:00+00:00,55.76,56.76,55.39,56.43,156162,5202,56.217893,0.04830020434701843,0.026559941786429064,,0.6301305880020956,62.056289299893706,CWT
2022-07-07 04:00:00+00:00,56.67,56.78,55.775,55.97,148737,4486,56.162319,0.029806807727690954,0.013398515299656077,,0.6001699086055999,59.65108062712735,CWT
2022-07-08 04:00:00+00:00,55.86,56.09,55.155,55.44,141104,3253,55.519119,-0.001980198019801982,0.023822714681440482,,0.5693699266751687,56.91399279524387,CWT
2022-07-11 04:00:00+00:00,55.43,55.92,55.09,55.85,152008,4218,55.663986,-0.02017543859649118,0.03656273199703031,,0.613368747973403,58.50037300014949,CWT
2022-07-12 04:00:00+00:00,55.75,56.255,54.78,55.16,151039,4050,55.409374,-0.01253132832080206,0.02072538860103612,,0.6094587279955976,54.840844896161734,CWT
2022-07-13 04:00:00+00:00,54.84,55.71,54.76,55.55,125337,3296,55.431892,-0.015594541910331383,0.08985677849715512,,0.505748373537856,56.497311736271094,CWT
2022-07-14 04:00:00+00:00,54.82,56.08,54.81,55.9,142060,4225,55.556202,-0.0012506700017866912,0.1364098393982518,,0.5732274902446031,57.98671300645777,CWT
2022-07-15 04:00:00+00:00,56.42,57.15,55.52,56.83,208755,5587,56.792197,0.025072150072150023,0.1439210950080514,,0.8423490407293547,61.735503857180554,CWT
2022-07-18 04:00:00+00:00,56.53,56.53,55.015,55.28,163776,5253,55.477782,-0.010205908683974974,0.1337161607875308,,0.6608539028741385,53.213194162489465,CWT
2022-07-19 04:00:00+00:00,55.61,56.5,55.6,56.47,168535,3954,56.343113,0.023749093546047817,0.13325306040537832,,0.6800569834462493,58.00619484197065,CWT
2022-07-20 04:00:00+00:00,56.88,56.88,55.73,56.02,193465,4701,56.097373,0.008460846084608509,0.1363083164300205,,0.7806522342684228,55.683147268781276,CWT
2022-07-21 04:00:00+00:00,55.74,56.87,55.44,56.83,170116,4801,56.517979,0.01663685152057237,0.12401107594936711,,0.6864364897258264,58.8757092403447,CWT
2022-07-22 04:00:00+00:00,57.31,57.9167,56.94,57.69,187061,5481,57.476626,0.015132852366707805,0.0872597059932152,,0.7548114004832163,62.005326701184885,CWT
2022-07-25 04:00:00+00:00,57.73,58.26,57.281,58.12,187377,5409,57.966888,0.05137481910274966,0.07849322694377436,,0.7560864947174644,63.50097269985283,CWT
2022-07-26 04:00:00+00:00,57.99,58.75,57.855,58.68,200833,4777,58.499975,0.03913582433150342,0.08185840707964598,,0.8103829124897535,65.4106198668406,CWT
2022-07-27 04:00:00+00:00,58.34,58.86,57.91,58.39,212888,5667,58.392305,0.04230631917172434,0.08471112762400157,,0.8590261434829866,63.55613217170843,CWT
2022-07-28 04:00:00+00:00,57.0,59.53,55.89,59.43,421049,8275,58.137011,0.04575048389934899,0.09346826126954921,,1.6989783298606216,67.15275327856966,CWT
2022-07-29 04:00:00+00:00,59.65,60.47,59.26,60.08,744294,5726,60.071399,0.041428323799618694,0.0815481548154815,,3.0033069240047627,69.1987426433768,CWT
2022-08-01 04:00:00+00:00,59.81,61.83,59.72,61.36,277550,6345,61.272072,0.055746730901582886,0.0764912280701755,,1.1199443187201858,72.7926869981101,CWT
2022-08-02 04:00:00+00:00,61.5,61.51,60.38,60.55,274651,6875,60.688317,0.03186775732788005,0.08395989974937335,,1.1082465396534598,67.43076236180902,CWT
2022-08-03 04:00:00+00:00,60.54,61.596,59.82,61.34,208228,5327,61.214393,0.050522349717417425,0.0870104554315081,,0.8402225386361623,69.76961764528969,CWT
2022-08-04 04:00:00+00:00,61.49,61.7,61.0,61.34,210776,4511,61.349991,0.032138650513208855,0.09594425585134903,,0.8505039946768722,69.76961764528969,CWT
2022-08-05 04:00:00+00:00,60.75,61.165,59.06,59.78,166289,4373,59.675592,-0.004993342210386054,0.07828282828282829,,0.6709941301230804,59.9158102685692,CWT
2022-08-08 04:00:00+00:00,59.7,60.72,59.51,59.9,187068,4614,59.934722,-0.023794002607561926,0.07251566696508505,,0.7548396462415699,60.37936444082624,CWT
2022-08-09 04:00:00+00:00,60.11,61.08,60.07,60.97,217422,4481,60.874152,0.006936416184971206,0.10532994923857864,,0.877321324679446,64.3394341456513,CWT
2022-08-10 04:00:00+00:00,61.39,61.69,60.8,61.55,174015,4538,61.428721,0.0034235409194651734,0.10801080108010797,,0.7021693771287808,66.30537701571048,CWT
2022-08-11 04:00:00+00:00,62.13,62.39,61.14,61.17,126805,3917,61.506861,-0.0027714378871862566,0.0942754919499107,,0.5116719125754392,63.82282161003211,CWT
2022-08-12 04:00:00+00:00,61.39,62.615,60.725,62.61,184358,3972,61.988406,0.04734024757443955,0.10170684497624505,,0.743904502650391,68.61790067464727,CWT
2022-08-15 04:00:00+00:00,62.46,63.0,61.96,62.98,157261,3292,62.721916,0.05141903171953244,0.1392908827785817,,0.6345651720636106,69.72815848621792,CWT
2022-08-16 04:00:00+00:00,62.81,63.39,62.595,63.24,132775,3412,63.139076,0.037231425291126774,0.11988666548609883,,0.5357615093427226,70.51749560142197,CWT
2022-08-17 04:00:00+00:00,63.19,63.81,62.73,63.52,118721,5176,63.495138,0.03200649878147854,0.13388075687254553,,0.47905209678536903,71.38289917357801,CWT
2022-08-18 04:00:00+00:00,63.52,63.7519,62.9145,63.14,153718,4372,63.245088,0.03220532940984144,0.11103290515572772,,0.6202687832283535,68.44649538104393,CWT
2022-08-19 04:00:00+00:00,63.04,63.2086,61.94,62.17,206872,5317,62.364529,-0.007027631368790921,0.07765643959091695,,0.8347509317322366,61.49275653482128,CWT
2022-08-22 04:00:00+00:00,61.72,62.46,60.78,61.21,162454,4381,61.315584,-0.028104160050809734,0.05316586373021348,,0.6555194896536446,55.48481765996486,CWT
2022-08-23 04:00:00+00:00,60.79,60.85,59.69,60.06,172508,4736,60.156716,-0.050284629981024676,0.023517382413087873,,0.6960884688660847,49.27423019207395,CWT
2022-08-24 04:00:00+00:00,60.06,60.25,59.37,60.22,164823,3699,59.991683,-0.05195214105793455,0.03134098304504196,,0.6650786613021696,50.11093205402685,CWT
2022-08-25 04:00:00+00:00,60.63,61.64,59.89,61.44,161918,4132,61.161145,-0.026924295216978145,0.03382130237253911,,0.6533566715854262,56.06214477234218,CWT
2022-08-26 04:00:00+00:00,61.41,61.76,60.431,60.64,118297,3434,60.90636,-0.024609940485764814,0.009320905459387463,,0.4773412108508082,51.70642959401732,CWT
2022-08-29 04:00:00+00:00,60.46,60.645,59.48,60.23,162753,4930,60.244779,-0.016010455807874635,-0.018415906127770554,,0.6567259870461769,49.58035757195512,CWT
2022-08-30 04:00:00+00:00,60.54,60.54,58.6,58.73,208537,5455,59.066619,-0.022144522144522227,-0.030057803468208077,,0.8414693871120569,42.6679781033975,CWT
2022-08-31 04:00:00+00:00,58.71,59.2,58.12,58.53,167962,3641,58.539756,-0.02806376619063433,-0.045810238017606864,,0.6777448663695905,41.83057385568686,CWT
2022-09-01 04:00:00+00:00,58.27,59.48,58.06,59.28,186350,5460,59.145056,-0.03515625,-0.033583306162373705,,0.7519424384561578,46.10244470075433,CWT
2022-09-02 04:00:00+00:00,59.51,59.87,58.14,58.44,186217,5569,58.80706,-0.0362796833773088,-0.0224155235864838,,0.7514057690474395,42.35107013857338,CWT
2022-09-06 04:00:00+00:00,58.27,58.59,57.37,57.87,187879,6152,57.851219,-0.03918313132990203,-0.033889816360601066,,0.7581121191022511,39.97409124191201,CWT
2022-09-07 04:00:00+00:00,58.08,58.84,57.89,58.8,220731,7013,58.553121,0.0011918951132301459,-0.03559127439724452,,0.8906734981640256,45.36231930353811,CWT
2022-09-08 04:00:00+00:00,58.48,58.99,58.02,58.55,189330,5209,58.602049,0.000341705108491297,-0.04874086108854592,,0.7639670612981184,44.2133655609695,CWT
2022-09-09 04:00:00+00:00,58.75,59.06,58.05,58.68,165617,5556,58.645707,-0.010121457489878583,-0.040706228543403666,,0.668282537321135,44.99357064205933,CWT
2022-09-12 04:00:00+00:00,58.75,60.01,58.41,59.83,173086,5733,59.717987,0.023785078713210117,-0.04440185273917907,,0.6984207614844247,51.460696651363136,CWT
2022-09-13 04:00:00+00:00,59.01,59.99,58.5325,59.42,235765,7073,59.402279,0.026784171418697156,-0.05652588123213709,,0.9513373168908831,49.23805495633851,CWT
2022-09-14 04:00:00+00:00,59.54,61.54,59.33,61.37,381362,8575,61.109612,0.04370748299319738,-0.029569892473118364,,1.538836985320726,58.43349892759654,CWT
2022-09-15 04:00:00+00:00,60.95,61.35,59.175,59.49,302642,9487,59.749508,0.016054654141759217,-0.0634445843828716,,1.221193257092828,49.18313933944184,CWT
2022-09-16 04:00:00+00:00,59.31,60.57,57.79,58.27,1136162,11542,58.753042,-0.006987048398091278,-0.07713018688628437,,4.584536757505904,44.28389397564215,CWT
2022-09-19 04:00:00+00:00,58.59,58.59,57.01,58.15,451417,10029,57.732662,-0.028079558749791067,-0.06466141225671551,,1.821516499815205,43.82150620027086,CWT
2022-09-20 04:00:00+00:00,57.77,58.12,57.19,57.81,296703,7949,57.686556,-0.027095254123190804,-0.055546479333442256,,1.197228748683968,42.468469714517155,CWT
2022-09-21 04:00:00+00:00,58.35,58.67,56.78,56.92,256244,6224,57.584513,-0.0725109988593775,-0.05228105228105229,,1.033972300508504,39.06799821438221,CWT
2022-09-22 04:00:00+00:00,56.75,57.24,55.83,56.89,206956,5997,56.744708,-0.04370482434022527,-0.05529724344071729,,0.8350898808324798,38.95477144418458,CWT
2022-09-23 04:00:00+00:00,56.4,56.86,55.571,56.46,193247,7899,56.338942,-0.031062296207310824,-0.0810546875,,0.779772580651125,37.28670314313665,CWT
2022-09-26 04:00:00+00:00,56.02,56.81,55.5,55.6,217710,6297,55.873659,-0.043852106620808184,-0.08311345646437995,,0.8784834358802798,34.13817122606994,CWT
2022-09-27 04:00:00+00:00,55.75,55.79,53.86,54.32,205287,6013,54.428393,-0.060370178169866784,-0.0981238585422547,,0.8283552850193147,30.068477264262967,CWT
2022-09-28 04:00:00+00:00,54.8,56.03,54.27,55.6,190121,6042,55.555009,-0.023190442726633842,-0.053294738634428684,,0.767158831992075,38.024990423274545,CWT
2022-09-29 04:00:00+00:00,55.19,55.19,53.765,54.18,183089,5875,54.252955,-0.04763578836350857,-0.07432086109687341,,0.7387839501717172,33.47478821783968,CWT
2022-09-30 04:00:00+00:00,54.57,54.785,52.69,52.69,407784,7754,53.126179,-0.06677293659227779,-0.11116734143049933,,1.6454526177805522,29.487463483771208,CWT
2022-10-03 04:00:00+00:00,53.4,55.6,53.19,55.23,344263,9110,55.090919,-0.006654676258992853,-0.05492813141683783,,1.3891385011549895,42.13992183162471,CWT
2022-10-04 04:00:00+00:00,55.16,56.58,55.16,56.28,287630,6563,56.17658,0.03608247422680422,-0.027475375842405336,,1.1606182107493679,46.41999865836537,CWT
2022-10-05 04:00:00+00:00,55.63,55.63,54.2201,55.05,212251,5635,54.961732,-0.009892086330935301,-0.06377551020408168,,0.856455779472809,42.457847691816994,CWT
2022-10-06 04:00:00+00:00,54.96,54.96,53.99,54.19,142666,4303,54.317777,0.0001845699520117705,-0.07446626814688295,,0.5756727658963575,39.8938930510839,CWT
2022-10-07 04:00:00+00:00,54.08,54.433,52.795,53.24,184271,5541,53.20878,0.010438413361169241,-0.09270620313565092,,0.743553448225139,37.220031382756915,CWT
2022-10-10 04:00:00+00:00,53.47,54.22,53.341,53.36,152891,4547,53.655046,-0.03385841028426573,-0.10813972923282633,,0.6169317486342927,37.7872548698042,CWT
2022-10-11 04:00:00+00:00,53.39,54.79,53.22,54.44,275677,7221,54.265672,-0.03269367448471927,-0.08381016492763382,,1.11238656080643,42.79661264465931,CWT
2022-10-12 04:00:00+00:00,54.61,54.61,53.45,53.68,246436,6701,53.818939,-0.024886466848319633,-0.12530552387159843,,0.994395957946776,40.335322890792376,CWT
2022-10-13 04:00:00+00:00,53.12,54.98,52.64,54.77,290995,7462,54.428616,0.010703081749400267,-0.07934106572533195,,1.1741963503007762,45.20285544865505,CWT
2022-10-14 04:00:00+00:00,55.21,55.54,54.285,54.67,173767,4397,54.652862,0.026859504132231482,-0.061781362622275626,,0.7011686702613962,44.8414213472815,CWT
2022-10-17 04:00:00+00:00,55.16,57.06,55.16,56.22,350217,8861,56.341689,0.05359820089955014,-0.03319002579535679,,1.4131635361888932,51.33648105605931,CWT
2022-10-18 04:00:00+00:00,56.97,57.9238,56.0057,56.42,293904,6936,56.584706,0.03637031594415885,-0.02404428299602146,,1.1859344804508647,52.119924922596795,CWT
2022-10-19 04:00:00+00:00,55.61,56.32,55.19,55.85,229662,6040,55.738073,0.04042473919523104,-0.018798313422347168,,0.9267110507148812,49.66582860701439,CWT
2022-10-20 04:00:00+00:00,55.59,55.59,51.47,51.69,326847,7841,52.485101,-0.05623516523644345,-0.09140446475654773,,1.318863054371236,36.25041733879657,CWT
2022-10-21 04:00:00+00:00,52.31,54.065,51.48,53.44,1031434,8971,53.373759,-0.022498628132430976,-0.05348919589089629,,4.161947931669379,43.2009313277696,CWT
2022-10-24 04:00:00+00:00,53.75,54.64,52.995,54.62,211048,5975,54.32096,-0.028459622909996485,-0.017625899280575563,,0.8516015441443263,47.36788827210574,CWT
2022-10-25 04:00:00+00:00,54.89,56.54,54.75,56.44,183941,6274,56.218322,0.00035448422545192315,0.03902798232695126,,0.7422218624741838,53.084846324933245,CWT
2022-10-26 04:00:00+00:00,56.92,57.61,56.42,56.81,279125,7784,57.003384,0.017188898836168365,0.021762589928057574,,1.1262996143497455,54.17461752948945,CWT
2022-10-27 04:00:00+00:00,56.63,59.46,56.63,58.5,257982,7504,58.709568,0.13174695298897277,0.07973421926910307,,1.040985318796869,58.87368466675069,CWT
2022-10-28 04:00:00+00:00,58.59,60.965,58.59,60.94,223653,8217,60.113633,0.14034431137724557,0.15657620041753662,,0.902464084722485,64.52911190125991,CWT
2022-10-31 04:00:00+00:00,61.28,62.33,60.62,62.06,466476,6234,61.995941,0.13621384108385226,0.12366467499547351,,1.882281196250468,66.7868256747462,CWT
2022-11-01 04:00:00+00:00,61.47,61.75,59.38,59.82,309817,7326,60.052184,0.05988660524450751,0.06289978678038377,,1.2501451594052668,58.73476995713709,CWT
2022-11-02 04:00:00+00:00,59.78,60.58,58.65,58.73,203351,5708,59.489637,0.03379686674881177,0.06684831970935523,,0.8205433152803765,55.24443075574855,CWT
2022-11-03 04:00:00+00:00,57.7,58.91,57.527,58.73,194896,4707,58.481893,0.003931623931623829,0.08377929507289172,,0.7864264742975655,55.24443075574855,CWT
2022-11-04 04:00:00+00:00,58.51,60.215,58.28,59.81,193002,4561,59.474936,-0.01854282901214299,0.12340345604808411,,0.7787839791087491,58.105300389632795,CWT
2022-11-07 05:00:00+00:00,59.81,60.47,59.06,60.46,278274,6872,59.993782,-0.025781501772478288,0.13305847076461763,,1.122865737155615,59.771986641181755,CWT
2022-11-08 05:00:00+00:00,60.31,60.6,59.59,59.92,224217,5269,60.136602,0.0016716817118020977,0.10066127847171202,,0.9047398858241178,57.71766422079146,CWT
2022-11-09 05:00:00+00:00,59.61,60.36,59.45,59.81,220521,5732,59.903982,0.018389238889835013,0.1141952309985097,,0.8898261254134177,57.28574642294415,CWT
2022-11-10 05:00:00+00:00,61.07,62.64,60.58,62.55,273974,7955,61.833746,0.06504341903626765,0.1420485667336131,,1.105514771309833,64.42673915178173,CWT
2022-11-11 05:00:00+00:00,62.84,62.84,60.58,61.53,150383,5684,61.404565,0.02875773282059857,0.12548015364916765,,0.6068116969270319,60.379930494742986,CWT
2022-11-14 05:00:00+00:00,61.53,63.51,61.07,62.85,162338,5652,62.870442,0.03953026794574921,0.11792956243329789,,0.655051417086642,63.56908149851688,CWT
2022-11-15 05:00:00+00:00,63.28,63.545,62.67,63.13,149082,4581,63.174709,0.0535714285714286,0.1189294576391351,,0.6015620209815987,64.22686895434309,CWT
2022-11-16 05:00:00+00:00,63.27,63.71,62.82,63.14,179872,4367,63.175287,0.055676308309647204,0.13052820053715308,,0.7258030066540705,64.25169443008454,CWT
2022-11-17 05:00:00+00:00,62.51,62.83,62.06,62.77,123809,4865,62.534695,0.0035171862509992824,0.21435480750628755,,0.499582728000099,62.52281170768143,CWT
2022-11-18 05:00:00+00:00,63.74,64.22,63.07,63.26,254089,7142,63.396081,0.028116366000324966,0.18375748502994016,,1.0252766420439319,63.90788366606617,CWT
2022-11-21 05:00:00+00:00,63.6,64.34,63.08,63.6,244059,5376,63.591536,0.01193317422434359,0.16440864152325174,,0.9848045054315612,64.87784410794706,CWT
2022-11-22 05:00:00+00:00,63.83,64.43,62.89,63.99,236745,7062,63.679046,0.013622683351813603,0.1337703756201276,,0.9552917230603869,66.00636512821383,CWT
2022-11-23 05:00:00+00:00,64.32,65.21,64.05,65.12,328652,8213,64.84341,0.03135888501742157,0.1462770638972013,,1.3261464249181283,69.10399376456044,CWT
2022-11-25 05:00:00+00:00,65.34,66.12,64.74,65.53,172094,3681,65.644514,0.04397004938664972,0.1201709401709401,,0.6944179340148862,70.16625094205963,CWT
2022-11-28 05:00:00+00:00,65.17,65.715,64.47,64.56,399473,7777,64.749787,0.020550110654442122,0.05940269117164432,,1.611916832398158,64.5148085630699,CWT
2022-11-29 05:00:00+00:00,64.09,64.09,63.0,63.15,356944,6726,63.238431,-0.007075471698113289,0.01756364808250077,,1.4403077099667014,57.291247145120636,CWT
2022-11-30 05:00:00+00:00,62.88,65.0,62.67,64.93,573755,6815,64.616526,0.01468979528051273,0.08542293547308599,,2.315163583452712,62.93357401926231,CWT
2022-12-01 05:00:00+00:00,64.37,65.25,63.74,64.39,236655,6848,64.328631,-0.011210073710073765,0.09637323344117155,,0.9549285633101263,60.32963682852116,CWT
2022-12-02 05:00:00+00:00,63.83,64.35,63.72,64.3,178478,6267,64.12358,-0.01877002899435376,0.09484079686701863,,0.7201780656333681,59.88490429445964,CWT
2022-12-05 05:00:00+00:00,63.8,63.955,63.29,63.88,222840,7318,63.752035,-0.010532837670384154,0.06804882126734668,,0.8991835416451313,57.74557154911015,CWT
2022-12-06 05:00:00+00:00,63.74,63.74,61.715,62.57,282339,8323,62.465594,-0.009184481393507471,0.034899106847502415,,1.1392684525423835,51.558718740189406,CWT
2022-12-07 05:00:00+00:00,62.56,62.94,62.17,62.78,176448,6197,62.673772,-0.03311258278145701,0.047730307076101486,,0.7119867957108245,52.43842962915246,CWT
2022-12-08 05:00:00+00:00,62.75,63.49,61.92,63.46,176478,5705,63.151829,-0.014443236527411085,0.06102658418324691,,0.7121078489609114,55.27104372303907,CWT
2022-12-09 05:00:00+00:00,62.83,63.72,62.76,63.65,206994,5864,63.491119,-0.010108864696733999,0.017585931254995968,,0.8352432149492565,56.05851607890546,CWT
2022-12-12 05:00:00+00:00,64.04,64.04,63.26,63.7,197015,7126,63.571118,-0.0028177833437695865,0.03526734926052333,,0.7949768688620334,56.276668923706396,CWT
2022-12-13 05:00:00+00:00,64.58,65.44,63.8,63.97,431337,10960,64.285222,0.022374940067124705,0.017820206841686614,,1.7404915244237391,57.503590607568675,CWT
2022-12-14 05:00:00+00:00,64.2,64.63,62.62,62.94,208243,5549,63.414461,0.0025485823510671413,-0.0030096626009821215,,0.8402830652612057,51.559683822906386,CWT
2022-12-15 05:00:00+00:00,62.8,62.8,61.29,61.44,247593,6611,61.591445,-0.03183107469271984,-0.026924295216978145,,0.9990645782917923,44.36721607770872,CWT
2022-12-16 05:00:00+00:00,60.52,61.18,59.43,60.43,623211,6994,60.315147,-0.05058915946582876,-0.03727895491476829,,2.5147239013292224,40.29156827477687,CWT
2022-12-19 05:00:00+00:00,59.98,61.21,59.98,60.57,184960,6168,60.730774,-0.04913657770800628,-0.04252292127726842,,0.7463336378688005,41.09926170878694,CWT
2022-12-20 05:00:00+00:00,60.44,60.945,60.26,60.59,130235,4568,60.662071,-0.05283726746912609,-0.047327044025157194,,0.5255123341687026,41.2215867552157,CWT
2022-12-21 05:00:00+00:00,60.74,61.67,60.49,61.33,182913,5437,61.35252,-0.025579917381633344,-0.04156899515549306,,0.738073771104541,45.71389683783248,CWT
2022-12-22 05:00:00+00:00,60.99,60.99,59.88,60.84,143027,4342,60.52352,-0.009765624999999889,-0.0657248157248157,,0.577129440005736,43.351230772641465,CWT
2022-12-23 05:00:00+00:00,60.9,61.83,60.725,61.78,157501,4845,61.506446,0.022339897401952635,-0.057225698153517524,,0.6355335980643054,48.8163746574841,CWT
2022-12-27 05:00:00+00:00,61.91,61.995,61.39,61.88,104009,3710,61.785677,0.02162786858180632,-0.04151177199504341,,0.41968758294277714,49.375907015089595,CWT
2022-12-28 05:00:00+00:00,62.17,62.385,61.38,61.4,103866,3426,61.700387,0.013368542663805938,-0.027711797307996888,,0.4191105624506965,46.734946929206956,CWT
2022-12-29 05:00:00+00:00,61.8,62.33,61.51,62.22,159941,5161,62.04808,0.014511658242295722,-0.04173725550592955,,0.6453792624047027,51.506778293457224,CWT
2022-12-30 05:00:00+00:00,62.21,62.21,60.351,60.64,197090,5197,61.0449,-0.0032873109796187627,-0.05823885696536735,,0.7952795019872506,43.432786018553806,CWT
2023-01-03 05:00:00+00:00,61.09,62.03,60.33,61.8,263399,7468,61.288152,0.0003237293622531112,-0.038880248833592534,,1.062843500654218,49.670585466902075,CWT
2023-01-04 05:00:00+00:00,62.35,63.745,62.11,62.84,243980,5085,62.965371,0.015513897866838988,-0.016280525986224204,,0.9844857318729991,54.51352386143058,CWT
2023-01-05 05:00:00+00:00,62.2,62.97,60.61,60.78,163536,4726,61.133248,-0.010097719869706756,-0.02860795908582381,,0.6598854768734437,45.229656624083454,CWT
2023-01-06 05:00:00+00:00,61.44,62.36,61.26,61.91,126263,3330,61.858736,-0.0049823207971713135,-0.013857916533928094,,0.5094848838572035,50.23615940180729,CWT
2023-01-09 05:00:00+00:00,61.68,62.53,60.81,61.04,175523,4509,61.477031,0.006596306068601621,-0.038134257800189086,,0.7082543204998133,46.696974642465264,CWT
2023-01-10 05:00:00+00:00,60.81,61.81,60.72,61.81,155524,3102,61.603414,0.00016181229773470918,-0.028908091123330704,,0.627556188883582,50.051024731896156,CWT
2023-01-11 05:00:00+00:00,61.92,62.59,61.705,62.28,121599,3274,62.184786,-0.008911521323997529,-0.02229199372056523,,0.4906651385770343,52.034989891573616,CWT
2023-01-12 05:00:00+00:00,62.36,62.57,61.95,62.28,127108,2822,62.256226,0.024679170779861703,-0.02641863373456299,,0.5128945504013164,52.034989891573616,CWT
2023-01-13 05:00:00+00:00,62.22,62.81,61.82,62.39,126722,3466,62.423212,0.007753190114682562,-0.008738481093104489,,0.5113369985835322,52.54659984896632,CWT
2023-01-17 05:00:00+00:00,62.52,63.1,62.07,62.53,118907,3511,62.529981,0.024410222804718273,0.01774088541666674,,0.47980262693590753,53.230351810336764,CWT
2023-01-18 05:00:00+00:00,62.57,62.57,61.12,61.64,113859,3266,61.675707,-0.0027503640187672707,0.020023167301009392,,0.4594334000546267,48.4508833224193,CWT
2023-01-19 05:00:00+00:00,61.78,61.84,60.81,60.84,166030,3349,61.098751,-0.023121387283236983,0.004457652303120341,,0.6699490370639972,44.57643179928877,CWT
2023-01-20 05:00:00+00:00,61.07,61.07,60.0,60.73,193673,4151,60.665339,-0.02488760436737325,0.0023106123122627054,,0.7814915368023583,44.05477021727486,CWT
2023-01-23 05:00:00+00:00,60.36,62.0,60.33,61.22,151056,4467,61.298133,-0.018753005289309232,-0.0017935757378118034,,0.6095273248373135,47.028580389566336,CWT
2023-01-24 05:00:00+00:00,61.02,62.62,60.59,62.35,141187,4205,62.077408,-0.0028786182632336565,0.02481919789612097,,0.5697048406670757,53.20600371724207,CWT
2023-01-25 05:00:00+00:00,61.76,62.86,61.28,62.73,162330,5308,62.371557,0.017683322517845435,0.015377144707024781,,0.6550191362199522,55.102188933957095,CWT
2023-01-26 05:00:00+00:00,62.72,62.83,61.95,62.29,179608,4129,62.257677,0.023833004602235253,0.0066257272139624845,,0.7247377380533061,52.45182805633964,CWT
2023-01-27 05:00:00+00:00,62.4,62.54,61.7,61.92,176164,4879,62.040983,0.01959492837148047,0.00846905537459297,,0.7108408249433357,50.26248485495258,CWT
2023-01-30 05:00:00+00:00,61.77,62.17,59.74,59.89,206308,4948,60.591557,-0.021724926494609553,-0.03744776599164257,,0.8324751306306037,40.31893845894562,CWT
2023-01-31 05:00:00+00:00,60.28,61.64,59.89,61.17,953027,8147,61.135062,-0.018925421010425048,0.008740105540897103,,3.8455671923507206,47.38683799299782,CWT
2023-02-01 05:00:00+00:00,61.06,63.24,60.49,62.63,251567,6666,62.162968,-0.001594133588394664,0.0134304207119742,,1.0151000988199639,54.06860104949871,CWT
2023-02-02 05:00:00+00:00,62.79,63.92,62.69,63.92,269830,6845,63.612313,0.026167924225397377,0.017186505410566433,,1.0887932823645028,59.02063313327306,CWT
2023-02-03 05:00:00+00:00,63.42,63.44,61.93,62.67,258415,4220,62.680869,0.012112403100775104,0.03109575518262586,,1.0427325207064557,53.05193034771346,CWT
2023-02-06 05:00:00+00:00,62.69,63.11,62.39,63.03,142835,3649,62.827201,0.05242945399899823,0.018090776934259534,,0.5763546992051801,54.47970073187756,CWT
2023-02-07 05:00:00+00:00,62.45,62.45,60.85,62.27,207915,4572,61.975709,0.017982671244073822,0.020150720838794323,,0.8389595497269228,50.956510571364376,CWT
2023-02-08 05:00:00+00:00,61.97,62.21,60.28,60.56,226809,5328,60.776258,-0.03305125339294268,-0.020223264843876376,,0.9151988866316217,44.05335636559439,CWT
2023-02-09 05:00:00+00:00,60.7,61.03,59.06,59.45,173956,3809,59.659834,-0.0699311639549437,-0.04543994861913936,,0.7019313057369434,40.242325102159725,CWT
2023-02-10 05:00:00+00:00,59.58,60.21,59.33,60.05,125110,3229,59.896349,-0.04180628689963306,-0.03580603725112397,,0.5048324039455321,43.10737654789148,CWT
2023-02-13 05:00:00+00:00,60.34,61.06,60.25,60.92,171344,4433,60.713438,-0.03347612248135812,-0.023561468184003842,,0.6913916027627148,47.07008919703058,CWT
2023-02-14 05:00:00+00:00,60.78,60.97,59.675,59.95,140695,4023,60.114732,-0.03725710615063438,-0.04126019510634893,,0.5677195673656513,43.43732770786993,CWT
2023-02-15 05:00:00+00:00,59.69,60.18,59.58,60.09,133126,3699,59.991351,-0.007760898282694884,-0.025146009085009635,0.0319422977846473,0.5371778323687388,44.10780490905451,CWT
